Rodada,Mandante,Visitante,Proj,λ,1X2,xpts_home,xpts_away,Descanso M,Descanso V,Importante M,Importante V
4,Flamengo,Mirassol,1.09 / 1.64,1.01 x 1.39,27% / 27% / 46%,1.0902226796807573,1.6398813257843063,30.0,5.0,Não tem,Não tem
21,Botafogo,Grêmio,1.69 / 1.04,1.43 x 0.98,47% / 27% / 26%,1.6900934375150873,1.043067641003482,7.0,7.0,Não tem,Não tem
21,São Paulo,Santos,1.48 / 1.24,1.22 x 1.06,40% / 28% / 32%,1.4783566046160876,1.2372518006779565,7.0,7.0,Não tem,Não tem
21,Atlético-MG,Bragantino,1.31 / 1.32,0.73 x 0.73,31% / 37% / 31%,1.3112251348825752,1.3152231220628803,7.0,7.0,Não tem,Não tem
21,Chapecoense,Vasco,1.47 / 1.26,1.26 x 1.12,40% / 28% / 33%,1.4654643237757556,1.2570956290119324,7.0,7.0,Não tem,Não tem
24,Palmeiras,Vasco,1.95 / 0.81,1.64 x 0.83,57% / 24% / 19%,1.9464885948111836,0.8086932515959662,8.0,7.0,Não tem,Não tem
24,Bragantino,Grêmio,1.57 / 1.16,1.35 x 1.07,43% / 27% / 30%,1.5662712780523145,1.1623779544498123,8.0,7.0,Não tem,Não tem
24,Vitória,Bahia,1.23 / 1.48,1.04 x 1.21,32% / 29% / 40%,1.230480747713114,1.484059986688734,7.0,7.0,Não tem,Não tem
24,Santos,Mirassol,1.31 / 1.40,1.12 x 1.19,34% / 28% / 37%,1.3124514681709005,1.404628288548265,7.0,7.0,Não tem,Não tem
24,Chapecoense,São Paulo,1.37 / 1.35,1.14 x 1.13,36% / 29% / 35%,1.3675808392801452,1.3469014259975096,7.0,8.0,Não tem,Não tem
24,Coritiba,Corinthians,1.37 / 1.35,1.14 x 1.12,36% / 29% / 35%,1.366663196941324,1.3465535964234998,8.0,7.0,Não tem,Não tem
24,Botafogo,Athletico-PR,1.56 / 1.16,1.31 x 1.04,43% / 28% / 30%,1.561026422809074,1.1620761708211194,30.0,9.0,Não tem,Não tem
25,Atlético-MG,Vitória,1.33 / 1.29,0.73 x 0.71,32% / 38% / 31%,1.3311080443545937,1.2920052084869835,7.0,13.0,Não tem,Não tem
25,São Paulo,Bragantino,1.36 / 1.36,1.15 x 1.16,36% / 28% / 36%,1.3553185837081148,1.3618314443304613,14.0,14.0,Não tem,Não tem
25,Vasco,Cruzeiro,1.13 / 1.59,0.99 x 1.30,28% / 28% / 44%,1.1263421507613054,1.5937675785955645,13.0,7.0,Não tem,Não tem
25,Athletico-PR,Fluminense,1.50 / 1.21,1.23 x 1.04,41% / 28% / 31%,1.504023706290177,1.211621168047653,15.0,8.0,Não tem,Não tem
25,Flamengo,Botafogo,0.93 / 1.82,0.95 x 1.59,23% / 25% / 52%,0.9300865510987972,1.8187559041655887,8.0,30.0,Não tem,Não tem
25,Corinthians,Santos,1.66 / 1.07,1.36 x 0.96,46% / 28% / 26%,1.656321243070676,1.068441730927889,14.0,14.0,Não tem,Não tem
25,Mirassol,Palmeiras,1.25 / 1.47,1.07 x 1.22,32% / 28% / 40%,1.246836047543635,1.4700448242708886,14.0,15.0,Não tem,Não tem
25,Grêmio,Chapecoense,1.57 / 1.16,1.32 x 1.04,43% / 28% / 29%,1.5650228218355184,1.1585249826132196,14.0,7.0,Não tem,Não tem
25,Bahia,Internacional,1.53 / 1.19,1.28 x 1.05,42% / 28% / 30%,1.5318402874627584,1.1895324791359498,14.0,8.0,Não tem,Não tem
25,Remo,Coritiba,1.36 / 1.35,1.14 x 1.13,36% / 29% / 36%,1.3633718030215038,1.3511473594144334,9.0,16.0,Não tem,Não tem
26,Bragantino,Bahia,1.49 / 1.24,1.27 x 1.10,40% / 28% / 32%,1.4851225833148947,1.2378296687299146,6.0,6.0,Não tem,Não tem
26,São Paulo,Atlético-MG,1.33 / 1.31,0.76 x 0.75,32% / 37% / 31%,1.3274808753574774,1.3072424274596879,6.0,7.0,Não tem,Não tem
26,Fluminense,Vasco,1.73 / 1.00,1.44 x 0.94,49% / 27% / 25%,1.7306940759397542,1.0023995612940444,6.0,6.0,Não tem,Não tem
26,Coritiba,Mirassol,1.36 / 1.36,1.13 x 1.13,36% / 29% / 36%,1.3567119090354502,1.356636911136553,10.0,10.0,Não tem,Não tem
26,Cruzeiro,Athletico-PR,1.50 / 1.21,1.22 x 1.02,41% / 29% / 31%,1.5039065654169623,1.209506303494755,9.0,10.0,Não tem,Não tem
26,Internacional,Santos,1.58 / 1.14,1.31 x 1.01,43% / 28% / 29%,1.578521018775703,1.1428629621509507,9.0,10.0,Não tem,Não tem
26,Remo,Flamengo,1.66 / 1.07,1.44 x 1.02,47% / 27% / 27%,1.6632088965061778,1.0714811555585633,9.0,30.0,Não tem,Não tem
26,Botafogo,Palmeiras,1.42 / 1.30,1.22 x 1.14,38% / 28% / 34%,1.4177159693546053,1.3026331982286363,30.0,9.0,Não tem,Não tem
26,Corinthians,Chapecoense,1.66 / 1.06,1.33 x 0.92,46% / 28% / 26%,1.6580271093451167,1.0620512149800163,10.0,7.0,Não tem,Não tem
26,Vitória,Grêmio,1.30 / 1.42,1.09 x 1.17,34% / 29% / 38%,1.2969658217779028,1.4160878954638914,30.0,30.0,Não tem,Não tem
27,Flamengo,Corinthians,1.10 / 1.63,1.02 x 1.38,28% / 27% / 45%,1.1017354740734022,1.6274197110391326,22.0,28.0,Não tem,Não tem
27,Botafogo,Bragantino,1.66 / 1.07,1.41 x 1.00,46% / 27% / 27%,1.6607743583282042,1.0707138490065802,30.0,29.0,Não tem,Não tem
27,Santos,Cruzeiro,1.22 / 1.50,1.07 x 1.25,31% / 28% / 41%,1.2235655615375858,1.4960348831826742,28.0,22.0,Não tem,Não tem
27,Palmeiras,São Paulo,1.82 / 0.91,1.48 x 0.85,52% / 26% / 22%,1.8245154513923485,0.9110014713559041,29.0,29.0,Não tem,Não tem
27,Mirassol,Vitória,1.59 / 1.12,1.27 x 0.95,44% / 29% / 28%,1.5929500495193036,1.121772088554916,28.0,28.0,Não tem,Não tem
27,Atlético-MG,Fluminense,1.29 / 1.34,0.73 x 0.75,31% / 37% / 32%,1.291588357577739,1.3382110073329425,22.0,22.0,Não tem,Não tem
27,Grêmio,Vasco,1.65 / 1.08,1.43 x 1.03,46% / 27% / 27%,1.6539977480285406,1.0804201801105318,28.0,28.0,Não tem,Não tem
27,Coritiba,Athletico-PR,1.32 / 1.40,1.13 x 1.19,34% / 28% / 37%,1.317091867691131,1.400781818642975,29.0,29.0,Não tem,Não tem
27,Bahia,Remo,1.64 / 1.09,1.35 x 0.97,45% / 28% / 27%,1.639322435311223,1.0851220760225315,28.0,22.0,Não tem,Não tem
27,Chapecoense,Internacional,1.29 / 1.43,1.11 x 1.20,33% / 28% / 38%,1.286732074789645,1.430660633002867,7.0,22.0,Não tem,Não tem
28,Flamengo,Bragantino,1.10 / 1.64,1.06 x 1.45,28% / 26% / 46%,1.095613369328497,1.6408246769345924,29.0,30.0,Não tem,Não tem
28,Vasco,Coritiba,1.30 / 1.42,1.13 x 1.21,34% / 28% / 38%,1.3021627534508238,1.4168004175847821,30.0,30.0,Não tem,Não tem
28,São Paulo,Internacional,1.36 / 1.35,1.13 x 1.12,36% / 29% / 36%,1.3600477240869822,1.3528306072249037,30.0,29.0,Não tem,Não tem
28,Corinthians,Fluminense,1.46 / 1.25,1.20 x 1.07,39% / 29% / 32%,1.4614163306366352,1.253551268062888,30.0,29.0,Não tem,Não tem
28,Mirassol,Botafogo,1.31 / 1.41,1.11 x 1.18,34% / 28% / 38%,1.3057076911728125,1.4106463202411954,30.0,30.0,Não tem,Não tem
28,Atlético-MG,Chapecoense,1.36 / 1.27,0.75 x 0.71,33% / 37% / 30%,1.3557044082478324,1.2711808677208272,29.0,7.0,Não tem,Não tem
28,Grêmio,Palmeiras,1.19 / 1.53,1.07 x 1.31,31% / 28% / 42%,1.1914419870617212,1.5332821033595982,30.0,30.0,Não tem,Não tem
28,Athletico-PR,Bahia,1.54 / 1.19,1.28 x 1.05,42% / 28% / 30%,1.5351847824113831,1.18575366350489,30.0,30.0,Não tem,Não tem
28,Vitória,Cruzeiro,1.17 / 1.54,0.98 x 1.23,29% / 29% / 42%,1.1704678690500456,1.5415114198299384,30.0,29.0,Não tem,Não tem
28,Remo,Santos,1.45 / 1.27,1.20 x 1.08,39% / 29% / 33%,1.4478327557647288,1.2671660298594145,29.0,30.0,Não tem,Não tem
29,Fluminense,Coritiba,1.57 / 1.15,1.30 x 1.01,43% / 28% / 29%,1.5734507513367801,1.1471443802897223,30.0,30.0,Não tem,Não tem
29,Botafogo,Vasco,1.87 / 0.88,1.59 x 0.88,54% / 25% / 21%,1.8725298024268207,0.8761407863202028,30.0,30.0,Não tem,Não tem
29,Santos,Flamengo,1.69 / 1.05,1.50 x 1.05,48% / 26% / 27%,1.6864188048650617,1.0545458112725183,30.0,30.0,Não tem,Não tem
29,Palmeiras,Bahia,1.71 / 1.02,1.42 x 0.95,48% / 27% / 25%,1.709490392303318,1.0219294741679996,30.0,30.0,Não tem,Não tem
29,Bragantino,Mirassol,1.48 / 1.24,1.24 x 1.08,40% / 28% / 32%,1.4789800595276363,1.2394703527298048,30.0,30.0,Não tem,Não tem
29,Cruzeiro,São Paulo,1.67 / 1.05,1.32 x 0.91,46% / 28% / 26%,1.665068419614954,1.0533517494102995,30.0,30.0,Não tem,Não tem
29,Internacional,Corinthians,1.41 / 1.30,1.17 x 1.10,38% / 29% / 34%,1.412173746519905,1.3022825721308735,30.0,30.0,Não tem,Não tem
29,Athletico-PR,Atlético-MG,1.41 / 1.22,0.79 x 0.69,35% / 37% / 28%,1.407295243445124,1.2230865827590462,30.0,30.0,Não tem,Não tem
29,Vitória,Chapecoense,1.42 / 1.29,1.13 x 1.05,38% / 29% / 33%,1.4198268304007087,1.2875507207813557,30.0,7.0,Não tem,Não tem
29,Remo,Grêmio,1.35 / 1.36,1.15 x 1.16,36% / 28% / 36%,1.353038702620867,1.3638190594546218,30.0,30.0,Não tem,Não tem
30,Flamengo,Fluminense,1.06 / 1.67,0.99 x 1.42,26% / 27% / 47%,1.0603910165824244,1.6714161885924166,30.0,30.0,Não tem,Não tem
30,Vasco,Remo,1.36 / 1.36,1.15 x 1.15,36% / 28% / 36%,1.3591657464495084,1.3569462292621086,30.0,30.0,Não tem,Não tem
30,São Paulo,Vitória,1.49 / 1.22,1.18 x 1.01,40% / 29% / 31%,1.4865240844769843,1.222585098492903,30.0,30.0,Não tem,Não tem
30,Palmeiras,Corinthians,1.70 / 1.02,1.39 x 0.92,48% / 27% / 25%,1.7040743316374283,1.0229667965813223,30.0,30.0,Não tem,Não tem
30,Bragantino,Cruzeiro,1.38 / 1.34,1.17 x 1.14,37% / 28% / 35%,1.380933168657178,1.3367892650547695,30.0,30.0,Não tem,Não tem
30,Atlético-MG,Santos,1.33 / 1.29,0.73 x 0.71,32% / 38% / 31%,1.3311080443545937,1.2920052084869835,30.0,30.0,Não tem,Não tem
30,Grêmio,Internacional,1.43 / 1.29,1.22 x 1.12,38% / 28% / 34%,1.4302151483397723,1.2897439399640447,30.0,30.0,Não tem,Não tem
30,Coritiba,Botafogo,1.22 / 1.51,1.07 x 1.27,31% / 28% / 41%,1.215050954768308,1.5055293517917743,30.0,30.0,Não tem,Não tem
30,Bahia,Mirassol,1.50 / 1.22,1.25 x 1.06,41% / 28% / 31%,1.499638031279881,1.2187061889679391,30.0,30.0,Não tem,Não tem
30,Chapecoense,Athletico-PR,1.20 / 1.52,1.05 x 1.27,31% / 28% / 41%,1.1976518540328112,1.5223782769131788,7.0,30.0,Não tem,Não tem
31,Fluminense,Santos,1.66 / 1.06,1.36 x 0.95,46% / 27% / 26%,1.6626832653221904,1.0624234689876837,30.0,30.0,Não tem,Não tem
31,Botafogo,Chapecoense,1.77 / 0.96,1.45 x 0.89,50% / 27% / 23%,1.7743446417883249,0.9588338263630074,30.0,7.0,Não tem,Não tem
31,São Paulo,Vasco,1.56 / 1.16,1.31 x 1.04,43% / 28% / 29%,1.5627858027629438,1.1603472594943487,30.0,30.0,Não tem,Não tem
31,Corinthians,Vitória,1.66 / 1.06,1.31 x 0.92,46% / 28% / 26%,1.6552458669411911,1.063144886697752,30.0,30.0,Não tem,Não tem
31,Mirassol,Internacional,1.50 / 1.22,1.24 x 1.05,40% / 28% / 31%,1.496141881821435,1.2209831000094753,30.0,30.0,Não tem,Não tem
31,Atlético-MG,Coritiba,1.31 / 1.32,0.73 x 0.73,31% / 37% / 31%,1.3112251348825752,1.3152231220628803,30.0,30.0,Não tem,Não tem
31,Grêmio,Cruzeiro,1.30 / 1.42,1.12 x 1.20,34% / 28% / 38%,1.3027616634752675,1.415494233628956,30.0,30.0,Não tem,Não tem
31,Athletico-PR,Palmeiras,1.35 / 1.37,1.14 x 1.16,35% / 28% / 36%,1.3455805592952574,1.3709284518128535,30.0,30.0,Não tem,Não tem
31,Bahia,Flamengo,1.90 / 0.86,1.70 x 0.93,55% / 24% / 21%,1.903930606140999,0.8562953718788421,30.0,30.0,Não tem,Não tem
31,Remo,Bragantino,1.30 / 1.42,1.13 x 1.21,34% / 28% / 38%,1.3036292921568657,1.4155479932998447,30.0,30.0,Não tem,Não tem
32,Flamengo,Atlético-MG,1.33 / 1.29,0.73 x 0.71,32% / 38% / 31%,1.3311080443545937,1.2920052084869835,30.0,30.0,Não tem,Não tem
32,Vasco,Corinthians,1.21 / 1.51,1.06 x 1.27,31% / 28% / 41%,1.2081585571573659,1.5125356077223793,30.0,30.0,Não tem,Não tem
32,Santos,Bahia,1.29 / 1.43,1.15 x 1.24,34% / 28% / 39%,1.2906123783105818,1.4323995245000836,30.0,30.0,Não tem,Não tem
32,Palmeiras,Bragantino,1.74 / 1.00,1.46 x 0.95,49% / 26% / 24%,1.7393075877245252,0.9962641410493449,30.0,30.0,Não tem,Não tem
32,Mirassol,São Paulo,1.55 / 1.16,1.25 x 0.99,42% / 28% / 29%,1.5510454194554195,1.1644372766680187,30.0,30.0,Não tem,Não tem
32,Cruzeiro,Remo,1.69 / 1.03,1.34 x 0.90,47% / 28% / 25%,1.6880323487703621,1.0322789133518973,30.0,30.0,Não tem,Não tem
32,Internacional,Botafogo,1.26 / 1.46,1.10 x 1.24,33% / 28% / 39%,1.2619449140147967,1.4579347406297911,30.0,30.0,Não tem,Não tem
32,Coritiba,Grêmio,1.44 / 1.29,1.23 x 1.13,39% / 28% / 34%,1.4354275921937578,1.2859805196263643,30.0,30.0,Não tem,Não tem
32,Vitória,Athletico-PR,1.19 / 1.52,1.02 x 1.24,30% / 28% / 41%,1.1932201032603427,1.5226582050733044,30.0,30.0,Não tem,Não tem
32,Chapecoense,Fluminense,1.21 / 1.50,1.05 x 1.25,31% / 28% / 41%,1.2148940881742303,1.5033769438365803,7.0,30.0,Não tem,Não tem
33,Fluminense,Internacional,1.54 / 1.18,1.26 x 1.02,42% / 28% / 30%,1.5384359038083377,1.1789014738306023,30.0,30.0,Não tem,Não tem
33,Vasco,Flamengo,1.60 / 1.14,1.43 x 1.11,44% / 26% / 29%,1.5962240119106934,1.140424144791421,30.0,30.0,Não tem,Não tem
33,Santos,Palmeiras,1.11 / 1.62,1.02 x 1.37,28% / 27% / 45%,1.1105095629269863,1.617736566317074,30.0,30.0,Não tem,Não tem
33,Corinthians,Mirassol,1.48 / 1.23,1.20 x 1.03,40% / 29% / 31%,1.4825815527090633,1.2296846049485541,30.0,30.0,Não tem,Não tem
33,Bragantino,Chapecoense,1.67 / 1.06,1.37 x 0.96,46% / 27% / 26%,1.6663509655496629,1.0601286208446892,30.0,7.0,Não tem,Não tem
33,Atlético-MG,Cruzeiro,1.29 / 1.34,0.73 x 0.75,31% / 37% / 32%,1.291588357577739,1.3382110073329425,30.0,30.0,Não tem,Não tem
33,Grêmio,Athletico-PR,1.34 / 1.38,1.18 x 1.21,35% / 28% / 37%,1.3389936387352255,1.384262976668015,30.0,30.0,Não tem,Não tem
33,Coritiba,Vitória,1.51 / 1.20,1.22 x 1.01,41% / 29% / 30%,1.5144146178279532,1.1981123678540535,30.0,30.0,Não tem,Não tem
33,Bahia,São Paulo,1.61 / 1.11,1.33 x 0.99,45% / 28% / 28%,1.6142439626247094,1.1085235035000152,30.0,30.0,Não tem,Não tem
33,Remo,Botafogo,1.17 / 1.56,1.02 x 1.29,30% / 28% / 43%,1.165413714058949,1.5551119288717037,30.0,30.0,Não tem,Não tem
34,Flamengo,Grêmio,1.15 / 1.58,1.08 x 1.38,29% / 27% / 44%,1.1495945227381759,1.5820955936452354,30.0,6.0,Não tem,Não tem
34,Botafogo,Atlético-MG,1.37 / 1.26,0.79 x 0.73,34% / 36% / 30%,1.3737493386451738,1.2622885499490086,30.0,6.0,Não tem,Não tem
34,São Paulo,Corinthians,1.32 / 1.39,1.10 x 1.15,35% / 29% / 37%,1.3225091577877794,1.3900784691536756,7.0,6.0,Não tem,Não tem
34,Palmeiras,Remo,1.85 / 0.89,1.50 x 0.84,53% / 26% / 21%,1.8487679159549446,0.8894928710041343,6.0,6.0,Não tem,Não tem
34,Bragantino,Santos,1.64 / 1.09,1.38 x 1.00,46% / 27% / 27%,1.6436278632528594,1.085051905771161,6.0,6.0,Não tem,Não tem
34,Cruzeiro,Bahia,1.55 / 1.17,1.27 x 1.01,42% / 28% / 30%,1.5501201338805564,1.1679765404705753,7.0,6.0,Não tem,Não tem
34,Internacional,Coritiba,1.49 / 1.23,1.24 x 1.07,40% / 28% / 32%,1.489066934054706,1.2291763757893102,6.0,7.0,Não tem,Não tem
34,Athletico-PR,Vasco,1.78 / 0.96,1.48 x 0.91,50% / 26% / 23%,1.7754159687293243,0.9610624409723172,6.0,7.0,Não tem,Não tem
34,Vitória,Fluminense,1.21 / 1.50,1.02 x 1.22,31% / 29% / 41%,1.210033913964892,1.5040550707194318,6.0,7.0,Não tem,Não tem
34,Chapecoense,Mirassol,1.24 / 1.48,1.07 x 1.23,32% / 28% / 40%,1.2409316569237387,1.4770142226611316,7.0,6.0,Não tem,Não tem
35,Flamengo,Athletico-PR,1.04 / 1.70,1.01 x 1.47,26% / 26% / 48%,1.0408185406066786,1.6969048843117918,30.0,30.0,Não tem,Não tem
35,Vasco,Internacional,1.24 / 1.48,1.09 x 1.25,32% / 28% / 40%,1.2436268699955435,1.4767319046071512,30.0,30.0,Não tem,Não tem
35,São Paulo,Fluminense,1.29 / 1.43,1.10 x 1.19,34% / 28% / 38%,1.290412708934436,1.4257130629517532,30.0,30.0,Não tem,Não tem
35,Corinthians,Botafogo,1.34 / 1.37,1.14 x 1.15,35% / 28% / 36%,1.3449756710240128,1.3706200467987202,30.0,30.0,Não tem,Não tem
35,Mirassol,Atlético-MG,1.33 / 1.31,0.76 x 0.75,32% / 37% / 31%,1.3268708631905866,1.306938784130183,30.0,30.0,Não tem,Não tem
35,Cruzeiro,Palmeiras,1.37 / 1.34,1.14 x 1.12,36% / 29% / 35%,1.3701594699803086,1.342643115513722,30.0,30.0,Não tem,Não tem
35,Grêmio,Bahia,1.38 / 1.34,1.21 x 1.18,37% / 28% / 35%,1.382754662872669,1.3405623482896196,30.0,30.0,Não tem,Não tem
35,Coritiba,Santos,1.53 / 1.19,1.28 x 1.05,42% / 28% / 30%,1.5317092642164487,1.1896428038268023,30.0,30.0,Não tem,Não tem
35,Vitória,Bragantino,1.27 / 1.44,1.07 x 1.19,33% / 29% / 39%,1.2692964615807651,1.4447009747274029,30.0,30.0,Não tem,Não tem
35,Remo,Chapecoense,1.46 / 1.26,1.19 x 1.06,39% / 29% / 32%,1.4571477307802687,1.2565992337663174,30.0,7.0,Não tem,Não tem
36,Fluminense,Mirassol,1.51 / 1.21,1.22 x 1.02,41% / 29% / 31%,1.507277395310067,1.207001422436201,30.0,30.0,Não tem,Não tem
36,Botafogo,São Paulo,1.73 / 1.00,1.42 x 0.92,49% / 27% / 24%,1.7279004003327831,1.002607576713181,30.0,30.0,Não tem,Não tem
36,Santos,Grêmio,1.36 / 1.36,1.19 x 1.19,36% / 28% / 36%,1.363140622628586,1.3593183202864685,30.0,30.0,Não tem,Não tem
36,Palmeiras,Flamengo,2.12 / 0.67,1.90 x 0.80,63% / 22% / 15%,2.1179126861164765,0.6670496994469812,30.0,30.0,Não tem,Não tem
36,Bragantino,Vasco,1.74 / 1.00,1.49 x 0.98,49% / 26% / 25%,1.7365249383323909,1.002703537935137,30.0,30.0,Não tem,Não tem
36,Atlético-MG,Corinthians,1.31 / 1.32,0.73 x 0.73,31% / 37% / 31%,1.3112251348825752,1.3152231220628803,30.0,30.0,Não tem,Não tem
36,Internacional,Vitória,1.58 / 1.14,1.26 x 0.96,43% / 29% / 28%,1.5786996990782236,1.1360371835908278,30.0,30.0,Não tem,Não tem
36,Athletico-PR,Remo,1.68 / 1.04,1.35 x 0.92,47% / 28% / 25%,1.6842858318340168,1.038565545774393,30.0,30.0,Não tem,Não tem
36,Bahia,Coritiba,1.57 / 1.15,1.30 x 1.02,43% / 28% / 29%,1.567208797369967,1.1541904037370283,30.0,30.0,Não tem,Não tem
36,Chapecoense,Cruzeiro,1.17 / 1.54,1.00 x 1.25,30% / 28% / 42%,1.171097181378961,1.5449408328557588,7.0,30.0,Não tem,Não tem
37,Fluminense,Cruzeiro,1.41 / 1.30,1.14 x 1.07,37% / 29% / 34%,1.4088375080217999,1.3008677761600493,30.0,30.0,Não tem,Não tem
37,Botafogo,Bahia,1.61 / 1.12,1.35 x 1.01,44% / 27% / 28%,1.6084689878891818,1.1167392814411694,30.0,30.0,Não tem,Não tem
37,São Paulo,Remo,1.46 / 1.25,1.19 x 1.04,39% / 29% / 32%,1.4635621153860408,1.2482293648829663,30.0,30.0,Não tem,Não tem
37,Corinthians,Grêmio,1.57 / 1.16,1.31 x 1.03,43% / 28% / 29%,1.5656524735158595,1.15670858213179,30.0,30.0,Não tem,Não tem
37,Mirassol,Athletico-PR,1.41 / 1.31,1.18 x 1.11,37% / 28% / 34%,1.4062158191086134,1.3098203706108116,30.0,30.0,Não tem,Não tem
37,Atlético-MG,Vasco,1.36 / 1.27,0.75 x 0.71,33% / 37% / 30%,1.3557044082478324,1.2711808677208272,30.0,30.0,Não tem,Não tem
37,Internacional,Bragantino,1.43 / 1.29,1.23 x 1.13,38% / 28% / 34%,1.4332876893212028,1.2878570530653004,30.0,30.0,Não tem,Não tem
37,Coritiba,Flamengo,1.76 / 0.98,1.55 x 1.00,50% / 25% / 24%,1.7605517361914185,0.9848019924140972,30.0,30.0,Não tem,Não tem
37,Vitória,Santos,1.39 / 1.32,1.13 x 1.09,37% / 29% / 34%,1.3875827535940015,1.3224705887605397,30.0,30.0,Não tem,Não tem
37,Chapecoense,Palmeiras,1.06 / 1.66,0.96 x 1.36,26% / 27% / 46%,1.063866623023778,1.6613826263168123,7.0,30.0,Não tem,Não tem
38,Flamengo,Chapecoense,1.29 / 1.44,1.13 x 1.24,34% / 28% / 39%,1.285538976465293,1.4360766222254033,30.0,7.0,Não tem,Não tem
38,Vasco,Vitória,1.39 / 1.32,1.15 x 1.10,37% / 29% / 35%,1.3886772671451897,1.3239042662785248,1.0,2.0,Não tem,Não tem
38,Santos,Botafogo,1.17 / 1.56,1.06 x 1.33,30% / 27% / 43%,1.167515704690147,1.5586403485630322,8.0,30.0,Não tem,Não tem
38,Palmeiras,Coritiba,1.79 / 0.95,1.47 x 0.89,51% / 26% / 23%,1.7850157559082078,0.9506928142368569,8.0,1.0,Não tem,Não tem
38,Bragantino,Fluminense,1.46 / 1.26,1.24 x 1.11,39% / 28% / 33%,1.4575448214892504,1.263597994304388,8.0,7.0,Não tem,Não tem
38,Cruzeiro,Internacional,1.59 / 1.12,1.27 x 0.96,44% / 28% / 28%,1.5919546027815392,1.1241882672608972,1.0,8.0,Não tem,Não tem
38,Grêmio,Mirassol,1.40 / 1.32,1.18 x 1.13,37% / 28% / 35%,1.3987375539099411,1.3188076652543477,1.0,1.0,Não tem,Não tem
38,Athletico-PR,São Paulo,1.66 / 1.06,1.33 x 0.93,46% / 28% / 26%,1.6597139225812902,1.0612299207348472,15.0,1.0,Não tem,Não tem
38,Bahia,Atlético-MG,1.38 / 1.26,0.79 x 0.73,34% / 36% / 30%,1.3786006128382449,1.2572527200970123,1.0,1.0,Não tem,Não tem
38,Remo,Corinthians,1.29 / 1.42,1.08 x 1.17,34% / 29% / 38%,1.293331760830295,1.4197332407338492,1.0,15.0,Não tem,Não tem
