round,date,home_team,away_team,xg_home,xg_away,p_home,p_draw,p_away,xpts_home,xpts_away,over_25,under_25,btts_yes,btts_no,top_scores,champion,status
4,2026-09-02,Flamengo,Mirassol,1.013386833257871,1.394028273048137,0.2734422283819403,0.2698959945349364,0.4566617770831233,1.0902226796807573,1.6398813257843063,0.4322161821743926,0.5677838178256074,0.4789824415245569,0.5210175584754431,"[[1, 1, 0.12720975302093088], [0, 1, 0.1255293735280221], [1, 0, 0.0912537061304456], [0, 0, 0.09004828867783649], [1, 2, 0.0886666522919841]]",ensemble,trained
21,NaT,Botafogo,Grêmio,1.4335185109959472,0.9835380782093879,0.47441817201121866,0.2668389214814312,0.25874290650735027,1.6900934375150873,1.043067641003482,0.4347277483573168,0.5652722516426832,0.47672548185843366,0.5232745181415663,"[[1, 0, 0.12784684142263078], [1, 1, 0.12574218728582032], [2, 0, 0.09163498406622418], [2, 1, 0.0901264606944657], [0, 0, 0.08918436025443612]]",ensemble,trained
21,NaT,São Paulo,Santos,1.2181305657766492,1.0560299839543823,0.3979883366367107,0.28439159470595565,0.3176200686573336,1.4783566046160876,1.2372518006779565,0.39709261573071764,0.6029073842692824,0.45926462796201906,0.5407353720379809,"[[1, 1, 0.1323472382912439], [1, 0, 0.12532534546611876], [0, 1, 0.10864800457600958], [0, 0, 0.10288351221752476], [2, 1, 0.080607975966394]]",ensemble,trained
21,NaT,Atlético-MG,Bragantino,0.7286816159585241,0.7309310275258746,0.3125577972760103,0.3735517430545444,0.3138904596694453,1.3112251348825752,1.3152231220628803,0.18108531659331606,0.8189146834066838,0.26832091208493714,0.7316790879150629,"[[0, 0, 0.23232626689931618], [0, 1, 0.16981446862716482], [1, 0, 0.16929187144242946], [1, 1, 0.12374067545428749], [0, 2, 0.06206132896635291]]",ensemble,trained
21,NaT,Chapecoense,Vasco,1.2588874522255575,1.1162171707684676,0.3960080921878145,0.27744004721231197,0.32655186059987346,1.4654643237757556,1.2570956290119324,0.4237670157962488,0.5762329842037511,0.481515860158167,0.518484139841833,"[[1, 1, 0.13068960543794203], [1, 0, 0.11708270526760906], [0, 1, 0.1038137844709579], [0, 0, 0.09300509163829376], [2, 1, 0.08226158528255499]]",ensemble,trained
24,2026-08-23,Palmeiras,Vasco,1.6446508505048378,0.8292071455650802,0.5672234804061111,0.24481815359285025,0.18795836600103866,1.9464885948111836,0.8086932515959662,0.44942833848472324,0.5505716615152768,0.45477595690777656,0.5452240430922235,"[[1, 0, 0.1385778555145632], [1, 1, 0.11490973417296231], [2, 0, 0.11395489087404337], [2, 1, 0.09449219840661441], [0, 0, 0.08426063107831644]]",ensemble,trained
24,2026-08-23,Bragantino,Grêmio,1.3542768851264744,1.0743539316825783,0.43164017018481365,0.27135076749787335,0.297009062317313,1.5662712780523145,1.1623779544498123,0.43774384959907897,0.562256150400921,0.4885016517488838,0.5114983482511161,"[[1, 1, 0.12826684185240214], [1, 0, 0.11938983025094746], [0, 1, 0.09471272682009967], [0, 0, 0.08815790748686224], [2, 1, 0.08685412864334123]]",ensemble,trained
24,2026-08-23,Vitória,Bahia,1.0441083212516467,1.2141088962945943,0.3150071607049875,0.2854592655981516,0.3995335736968608,1.230480747713114,1.484059986688734,0.3928471204432884,0.6071528795567116,0.4555546500997727,0.5444453499002273,"[[1, 1, 0.13251714855508587], [0, 1, 0.12691904088931133], [1, 0, 0.10914783805934379], [0, 0, 0.10453695293538011], [1, 2, 0.08044499539983042]]",ensemble,trained
24,2026-08-23,Santos,Mirassol,1.1229254281441818,1.1852263192520613,0.34317707496335537,0.2829202432808344,0.3739026817558102,1.3124514681709005,1.404628288548265,0.40611670273733813,0.5938832972626619,0.46843907507335947,0.5315609249266406,"[[1, 1, 0.13235330711873655], [0, 1, 0.11786484737002825], [1, 0, 0.11166938029870813], [0, 0, 0.09944514988964423], [1, 2, 0.07843420397967972]]",ensemble,trained
24,2026-08-23,Chapecoense,São Paulo,1.1445663554127268,1.1306769208323486,0.3606877015192665,0.28551773472234554,0.353794563758388,1.3675808392801452,1.3469014259975096,0.3973812488299323,0.6026187511700677,0.4615933936516353,0.5384066063483647,"[[1, 1, 0.13300073124739784], [1, 0, 0.11762941514068555], [0, 1, 0.1162019794961094], [0, 0, 0.10277214837933242], [2, 1, 0.0761139981825129]]",ensemble,trained
24,2026-08-23,Coritiba,Corinthians,1.135947201282348,1.1224829370483074,0.359959996768716,0.2867832066351761,0.3532567965961079,1.366663196941324,1.3465535964234998,0.39290452214325,0.60709547785675,0.45792414465108655,0.5420758553489134,"[[1, 1, 0.13326443401432375], [1, 0, 0.11872301772576939], [0, 1, 0.11731581536834951], [0, 0, 0.10451466462531635], [2, 1, 0.07569060197636977]]",ensemble,trained
24,2026-08-24,Botafogo,Athletico-PR,1.3105254777132358,1.0380134397545413,0.4280430054797557,0.276897406369807,0.2950595881504374,1.561026422809074,1.1620761708211194,0.4167827816200599,0.5832172183799402,0.4716699178186149,0.5283300821813851,"[[1, 1, 0.1299245783666868], [1, 0, 0.12516663759259722], [0, 1, 0.09913956023553225], [0, 0, 0.09550899116307647], [2, 1, 0.08513451150911651]]",ensemble,trained
25,2026-08-29,Atlético-MG,Vitória,0.729969062129189,0.7080880609392131,0.318073765732057,0.37688674715842285,0.3050394871095202,1.3311080443545937,1.2920052084869835,0.17577234899388047,0.8242276510061195,0.26287948461080624,0.7371205153891938,"[[0, 0, 0.23738854266274642], [1, 0, 0.1732862833980057], [0, 1, 0.1680919862728889], [1, 1, 0.12270194358789752], [2, 0, 0.06324680980192537]]",ensemble,trained
25,2026-08-29,São Paulo,Bragantino,1.1535632587943687,1.1579671711370176,0.35748953724889687,0.2828499719614241,0.35966049078967904,1.3553185837081148,1.3618314443304613,0.407011557118166,0.5929884428818339,0.46947270978312006,0.5305272902168799,"[[1, 1, 0.13238930709412802], [0, 1, 0.11476566888791064], [1, 0, 0.1143292022138923], [0, 0, 0.09910972157418681], [1, 2, 0.0766511455230535]]",ensemble,trained
25,2026-08-29,Vasco,Cruzeiro,0.9866589866307135,1.302884897147699,0.2821506267060584,0.27989027064313027,0.4379591026508114,1.1263421507613054,1.5937675785955645,0.401179348352192,0.5988206516478081,0.45674322414211166,0.5432567758578883,"[[0, 1, 0.13199889023275765], [1, 1, 0.13023783895458396], [0, 0, 0.1013130357468753], [1, 0, 0.09996137702623695], [0, 2, 0.08598946272921738]]",ensemble,trained
25,2026-08-30,Athletico-PR,Fluminense,1.231707603683958,1.0352705542365475,0.4065561935426691,0.28435512566216975,0.30908868079516105,1.504023706290177,1.211621168047653,0.39518076562508,0.60481923437492,0.45669862368415565,0.5433013763158443,"[[1, 1, 0.13213734166887936], [1, 0, 0.12763563564936314], [0, 1, 0.10727998601530757], [0, 0, 0.10362512999414644], [2, 1, 0.08137714084352504]]",ensemble,trained
25,2026-08-30,Flamengo,Botafogo,0.9537574361823643,1.59111807511256,0.22630966878772774,0.25115754473561397,0.5225327864766582,0.9300865510987972,1.8187559041655887,0.4676182789989993,0.5323817210010007,0.48948698555551573,0.5105130144444843,"[[0, 1, 0.12487611522547665], [1, 1, 0.11910148556651023], [0, 2, 0.09934545898473512], [1, 2, 0.09475144008127198], [0, 0, 0.07848393028312756]]",ensemble,trained
25,2026-08-30,Corinthians,Santos,1.3588871788668313,0.9580598821383133,0.460361405689747,0.27523702600143496,0.26440156830881806,1.656321243070676,1.068441730927889,0.4084408467082317,0.5915591532917682,0.45798797623216364,0.5420120237678364,"[[1, 0, 0.13395123722148247], [1, 1, 0.1283332643906319], [0, 0, 0.09857454090283518], [0, 1, 0.09444028201808871], [2, 0, 0.09101200872369372]]",ensemble,trained
25,2026-08-30,Mirassol,Palmeiras,1.0715443270584935,1.2221335192350786,0.32123897311938615,0.2831191281854766,0.39564189869513733,1.246836047543635,1.4700448242708886,0.40227867380655025,0.5977213261934498,0.46381239421815784,0.5361876057818421,"[[1, 1, 0.1321287567238765], [0, 1, 0.12330693764474832], [1, 0, 0.10811337382733029], [0, 0, 0.1008949858882685], [1, 2, 0.0807393559897586]]",ensemble,trained
25,2026-08-30,Grêmio,Chapecoense,1.3155097423460798,1.0375759070229924,0.4295235420947522,0.276452195551262,0.2940242623539859,1.5650228218355184,1.1585249826132196,0.41797978504946354,0.5820202149505365,0.4724224106496143,0.5275775893503857,"[[1, 1, 0.12977236287488686], [1, 0, 0.12507271551337057], [0, 1, 0.09864823331246585], [0, 0, 0.0950757322102694], [2, 1, 0.08535817419450527]]",ensemble,trained
25,2026-08-30,Bahia,Internacional,1.2847517178312735,1.0516556719576102,0.4177376846871554,0.27862723340129214,0.30363508191155253,1.5318402874627584,1.1895324791359498,0.4135853386572598,0.5864146613427401,0.4705935761373059,0.529406423862694,"[[1, 1, 0.13061836359761436], [1, 0, 0.12420267199360341], [0, 1, 0.10166841100468], [0, 0, 0.09667467847802498], [2, 1, 0.08390588945141093]]",ensemble,trained
25,2026-08-31,Remo,Coritiba,1.14201307606931,1.133801636975964,0.35929698848581354,0.28548083756406306,0.3552221739501234,1.3633718030215038,1.3511473594144334,0.39753324724643285,0.6024667527535672,0.461727904230612,0.5382720957693881,"[[1, 1, 0.13299475393858634], [1, 0, 0.11729996299687213], [0, 1, 0.11645654459731619], [0, 0, 0.10271343769181142], [2, 1, 0.07594079249193501]]",ensemble,trained
26,2026-09-05,Bragantino,Bahia,1.2724425461434876,1.1030457725799154,0.40269161178656787,0.27704774795519105,0.32026064025824114,1.4851225833148947,1.2378296687299146,0.4238674177542256,0.5761325822457743,0.4809610080141525,0.5190389919858475,"[[1, 1, 0.1304879905570387], [1, 0, 0.11829799365203053], [0, 1, 0.10254944292035821], [0, 0, 0.09296942420389984], [2, 1, 0.08301905497837458]]",ensemble,trained
26,2026-09-05,São Paulo,Atlético-MG,0.7630610487199938,0.7515163387572836,0.32073472605821407,0.3652766971828351,0.3139885767589509,1.3274808753574774,1.3072424274596879,0.19482098693412944,0.8051790130658706,0.2820131232838053,0.7179868767161947,"[[0, 0, 0.21990111931467343], [1, 0, 0.16779796749374917], [0, 1, 0.16525927415758293], [1, 1, 0.126102906613465], [2, 0, 0.06402004224167336]]",ensemble,trained
26,2026-09-05,Fluminense,Vasco,1.4427739250695173,0.9383190934475348,0.48792923772451763,0.26690636276620144,0.24516439950928096,1.7306940759397542,1.0023995612940444,0.4253296953755881,0.5746703046244118,0.46488879385726206,0.5351112061427379,"[[1, 0, 0.13338400862073108], [1, 1, 0.12515672642158812], [2, 0, 0.09622102284058186], [0, 0, 0.09245013839237459], [2, 1, 0.09028599722105186]]",ensemble,trained
26,2026-09-06,Coritiba,Mirassol,1.1301685445850178,1.1301183131033599,0.35668690973581785,0.2866511798279967,0.35666191043618545,1.3567119090354502,1.356636911136553,0.39339933568210683,0.6066006643178933,0.4583448870662723,0.5416551129337276,"[[1, 1, 0.13324076932194087], [1, 0, 0.11789995900733441], [0, 1, 0.1178947188594686], [0, 0, 0.10432079153736674], [2, 1, 0.07529218773007337]]",ensemble,trained
26,2026-09-06,Cruzeiro,Athletico-PR,1.2169465719113517,1.020268509043862,0.40577314477622656,0.28658713108828265,0.3076397241354908,1.5039065654169623,1.209506303494755,0.38724262903340184,0.6127573709665981,0.4501223867562919,0.5498776132437081,"[[1, 1, 0.13254885707375075], [1, 0, 0.1299157258821687], [0, 1, 0.10891938568709653], [0, 0, 0.10675566252755941], [2, 1, 0.08065230721200714]]",ensemble,trained
26,2026-09-06,Internacional,Santos,1.305676267823693,1.0097049021792783,0.43330166656745245,0.27861601907334577,0.2880823143592017,1.578521018775703,1.1428629621509507,0.40802854616179096,0.591971453838209,0.46341020238104913,0.5365897976189508,"[[1, 1, 0.1301586549455763], [1, 0, 0.12890767971282013], [0, 1, 0.0996870295899661], [0, 0, 0.09872892192439273], [2, 1, 0.08497231549041358]]",ensemble,trained
26,2026-09-06,Remo,Flamengo,1.4382763666413059,1.0240472575317041,0.46596631619030643,0.26530994793525864,0.26872373587443493,1.6632088965061778,1.0714811555585633,0.4464727906670703,0.5535272093329296,0.48875710462037125,0.5112428953796287,"[[1, 1, 0.1255421847882442], [1, 0, 0.1225941955415439], [2, 1, 0.09028175350732684], [2, 0, 0.08816175186037631], [0, 1, 0.08728696303027927]]",ensemble,trained
26,2026-09-06,Botafogo,Palmeiras,1.2154020089366704,1.136978417775544,0.379355045645949,0.2796508324167583,0.3409941219372926,1.4177159693546053,1.3026331982286363,0.41779615324332425,0.5822038467566758,0.4777623523775357,0.5222376476224643,"[[1, 1, 0.13147601895444555], [1, 0, 0.11563645710961079], [0, 1, 0.10817509797485046], [0, 0, 0.09514271254007864], [2, 1, 0.07989797968164779]]",ensemble,trained
26,2026-09-06,Corinthians,Chapecoense,1.3257769767510001,0.9243942517915671,0.4593684778900833,0.2799216756748668,0.26070984643504985,1.6580271093451167,1.0620512149800163,0.39069849793586253,0.6093015020641375,0.4430104225089394,0.5569895774910606,"[[1, 0, 0.139712102382393], [1, 1, 0.1291490311859317], [0, 0, 0.10538159866592867], [0, 1, 0.09741411903801207], [2, 0, 0.09261328258070535]]",ensemble,trained
26,2026-09-07,Vitória,Grêmio,1.0863906394308231,1.166081560309192,0.33667317967323246,0.28694628275820544,0.376380537568562,1.2969658217779028,1.4160878954638914,0.39131590681999695,0.608684093180003,0.45611948450252765,0.5438805154974723,"[[1, 1, 0.13319220645898577], [0, 1, 0.12260075170307028], [1, 0, 0.11422217371887777], [0, 0, 0.10513921746168607], [1, 2, 0.07765639229154826]]",ensemble,trained
27,2026-09-13,Flamengo,Corinthians,1.0188968600852097,1.3823294607037686,0.27696355306197895,0.27084481488746537,0.45219163205055574,1.1017354740734022,1.6274197110391326,0.4306010081161214,0.5693989918838785,0.47861695854390346,0.5213830414560966,"[[1, 1, 0.127615392893967], [0, 1, 0.12524865046989303], [1, 0, 0.09231942602211374], [0, 0, 0.09060727910019625], [1, 2, 0.08820293412342364]]",ensemble,trained
27,2026-09-13,Botafogo,Bragantino,1.4116869443191562,1.0021857880884995,0.464087521887663,0.2685117926652152,0.2674006854471217,1.6607743583282042,1.0707138490065802,0.4338993799434896,0.5661006200565104,0.47865611376594164,0.5213438862340584,"[[1, 1, 0.12657728635285287], [1, 0, 0.1263012750870641], [0, 1, 0.08966422608206176], [0, 0, 0.0894687065125563], [2, 1, 0.08934337650886964]]",ensemble,trained
27,2026-09-13,Santos,Cruzeiro,1.0695698624000416,1.2545232256421406,0.3143886687526152,0.28039955527974025,0.4052117759676447,1.2235655615375858,1.4960348831826742,0.41033396248021486,0.5896660375197852,0.46950186068656824,0.5304981393134318,"[[1, 1, 0.1313249668812086], [0, 1, 0.12278305755881429], [1, 0, 0.10468138395665005], [0, 0, 0.09787248150088712], [1, 2, 0.08237494707508088]]",ensemble,trained
27,2026-09-13,Palmeiras,São Paulo,1.476289874273071,0.8461119072430875,0.5200107913802002,0.2644830772517477,0.21550613136805216,1.8245154513923485,0.9110014713559041,0.4098760850771045,0.5901239149228955,0.4404696200239479,0.559530379976052,"[[1, 0, 0.14473266442966845], [1, 1, 0.12246001375148818], [2, 0, 0.10683309275545429], [0, 0, 0.09803864894588832], [2, 1, 0.09039273932737144]]",ensemble,trained
27,2026-09-13,Mirassol,Vitória,1.2657484460560098,0.9512922057617603,0.4358907291978413,0.28527786192577986,0.27883140887637875,1.5929500495193036,1.121772088554916,0.381846130224859,0.6181538697751409,0.4406592325224446,0.5593407674775555,"[[1, 0, 0.13787935828208858], [1, 1, 0.13116351783242503], [0, 0, 0.10893131923327433], [0, 1, 0.1036254825289482], [2, 0, 0.08726010836043153]]",ensemble,trained
27,2026-09-13,Atlético-MG,Fluminense,0.7274063898560748,0.7537820163869963,0.3071292408294734,0.3702006350893187,0.32267012408120793,1.291588357577739,1.3382110073329425,0.18644590210861717,0.8135540978913828,0.27362333009639495,0.726376669903605,"[[0, 0, 0.22736734139085468], [0, 1, 0.17138540254508508], [1, 0, 0.16538844910804748], [1, 1, 0.12466683101142226], [0, 2, 0.0645936131940942]]",ensemble,trained
27,2026-09-13,Grêmio,Vasco,1.4331916435479422,1.0316734733277761,0.46280522538920416,0.265582071860928,0.2716127027498679,1.6539977480285406,1.0804201801105318,0.44712965042487735,0.5528703495751227,0.49005938241632,0.50994061758368,"[[1, 1, 0.12571007534175485], [1, 0, 0.12185070855644196], [2, 1, 0.09008289968282038], [0, 1, 0.08771377863097062], [2, 0, 0.08731730631239724]]",ensemble,trained
27,2026-09-13,Coritiba,Athletico-PR,1.1314175510595224,1.1880991337413556,0.3449885180084121,0.2821263136658944,0.3728851683256935,1.317091867691131,1.400781818642975,0.4091248046017302,0.5908751953982697,0.4709431248507141,0.5290568751492859,"[[1, 1, 0.13216682742210303], [0, 1, 0.1168153708605043], [1, 0, 0.11124241048254936], [0, 0, 0.0983213692073708], [1, 2, 0.07851353721593525]]",ensemble,trained
27,2026-09-13,Bahia,Remo,1.3509242649780067,0.9728912269348008,0.45458898221499244,0.2755554886662456,0.2698555291187619,1.639322435311223,1.0851220760225315,0.41025761460065446,0.5897423853993454,0.4609069348905209,0.5390930651094791,"[[1, 0, 0.13225478588771267], [1, 1, 0.12866947395414116], [0, 0, 0.09789979377906625], [0, 1, 0.09524581572772915], [2, 0, 0.08933281529518841]]",ensemble,trained
27,2026-09-13,Chapecoense,Internacional,1.1058202387452325,1.2031385921785627,0.3347082608607189,0.28260729220748815,0.38268444693179304,1.286732074789645,1.430660633002867,0.4063303350046315,0.5936696649953686,0.4681727930589468,0.5318272069410531,"[[1, 1, 0.13220025283877482], [0, 1, 0.11954960021110533], [1, 0, 0.10987965446504393], [0, 0, 0.09936492919306687], [1, 2, 0.07952749276343933]]",ensemble,trained
28,2026-09-20,Flamengo,Bragantino,1.061456890630774,1.4456859029213212,0.27735047186386225,0.2635619537369103,0.45908757439922737,1.095613369328497,1.6408246769345924,0.4580035239034082,0.5419964760965917,0.4999599412044143,0.5000400587955858,"[[1, 1, 0.12506592076711895], [0, 1, 0.11782485402798164], [1, 2, 0.09040257980599554], [1, 0, 0.08651016691611008], [0, 2, 0.08516845119805663]]",ensemble,trained
28,2026-09-20,Vasco,Coritiba,1.1275270386174503,1.2053697851410776,0.3403753081621434,0.2810368289643937,0.37858786287346285,1.3021627534508238,1.4168004175847821,0.4126601532921127,0.5873398467078872,0.4735976973869572,0.5264023026130428,"[[1, 1, 0.13185094289769356], [0, 1, 0.11693828037851517], [1, 0, 0.10938646908560404], [0, 0, 0.09701459322496742], [1, 2, 0.0794644497090673]]",ensemble,trained
28,2026-09-20,São Paulo,Internacional,1.1294466872102142,1.1246185055439892,0.3576420184662891,0.28712166868811473,0.35523631284559626,1.3600477240869822,1.3528306072249037,0.3917408689299535,0.6082591310700466,0.4569814606216557,0.5430185393783443,"[[1, 1, 0.13333464070334505], [1, 0, 0.11855999999352063], [0, 1, 0.11805318059555328], [0, 0, 0.10497185890187613], [2, 1, 0.07529710898852214]]",ensemble,trained
28,2026-09-20,Corinthians,Fluminense,1.20468282962249,1.0650881191242931,0.39212797644538605,0.28503240130047697,0.322839622254137,1.4614163306366352,1.253551268062888,0.39592469660129714,0.6040753033987029,0.45884932876134876,0.5411506712386512,"[[1, 1, 0.132589586749088], [1, 0, 0.12448704833418839], [0, 1, 0.11006198951884097], [0, 0, 0.10333611066242451], [2, 1, 0.07986407746738258]]",ensemble,trained
28,2026-09-20,Mirassol,Botafogo,1.1133643201942023,1.1841550676391683,0.34068723419560654,0.2836459885859927,0.37566677721840086,1.3057076911728125,1.4106463202411954,0.4032983473600242,0.5967016526399758,0.46604908026168657,0.5339509197383134,"[[1, 1, 0.13250920206931227], [0, 1, 0.11901703679817374], [1, 0, 0.11190205260820685], [0, 0, 0.10050811947456816], [1, 2, 0.07845561463703696]]",ensemble,trained
28,2026-09-20,Atlético-MG,Chapecoense,0.75446448181584,0.7068815726989879,0.32752989473883054,0.37311472403134077,0.2993553812298288,1.3557044082478324,1.2711808677208272,0.1815144355106222,0.8184855644893777,0.26848169229407937,0.7315183077059207,"[[0, 0, 0.23192389948762734], [1, 0, 0.17497833384888287], [0, 1, 0.16394272446684027], [1, 1, 0.1236889550289083], [2, 0, 0.06600746491450848]]",ensemble,trained
28,2026-09-20,Grêmio,Palmeiras,1.0748534614849292,1.309674305548005,0.3053886924943468,0.27527590957868076,0.4193353979269725,1.1914419870617212,1.5332821033595982,0.4262358868797834,0.5737641131202166,0.4808737307456892,0.5191262692543108,"[[1, 1, 0.12969573372894394], [0, 1, 0.12066372893396261], [1, 0, 0.09902925661916427], [0, 0, 0.09213286384731692], [1, 2, 0.08492936290624394]]",ensemble,trained
28,2026-09-20,Athletico-PR,Bahia,1.2832564900719419,1.0456138950711356,0.4187077427758854,0.2790615540837269,0.3022307031403877,1.5351847824113831,1.18575366350489,0.411595613379971,0.588404386620029,0.4687938038307102,0.5312061961692898,"[[1, 1, 0.13069818366231625], [1, 0, 0.12499667623141074], [0, 1, 0.10184907280729466], [0, 0, 0.09740606350777783], [2, 1, 0.08385945370827716]]",ensemble,trained
28,2026-09-20,Vitória,Cruzeiro,0.9791077308248046,1.2257248537609178,0.29414905264334323,0.288020711120016,0.41783023623664084,1.1704678690500456,1.5415114198299384,0.378576968411921,0.621423031588079,0.44107622400880386,0.5589237759911961,"[[0, 1, 0.13515953741300346], [1, 1, 0.13233569753162985], [0, 0, 0.11026925638460114], [1, 0, 0.10796544024385214], [0, 2, 0.08283406070129343]]",ensemble,trained
28,2026-09-20,Remo,Santos,1.1972610631668208,1.0758818743949208,0.3876105137962905,0.28500121437585707,0.32738827182785246,1.4478327557647288,1.2671660298594145,0.39682215437469237,0.6031778456253076,0.45996881828300107,0.5400311817169989,"[[1, 1, 0.13266005243511664], [1, 0, 0.12330363706376089], [0, 1, 0.11080310789148462], [0, 0, 0.10298824665149733], [2, 1, 0.079414241382666]]",ensemble,trained
29,2026-10-07,Fluminense,Coritiba,1.297948699440319,1.0088396967514979,0.4313486276544276,0.27940486837349743,0.2892465039720749,1.5734507513367801,1.1471443802897223,0.4057534959379697,0.5942465040620302,0.46184474396897707,0.538155256031023,"[[1, 1, 0.13039307896812852], [1, 0, 0.12925060376907307], [0, 1, 0.10046113608682712], [0, 0, 0.09958091792374359], [2, 1, 0.08462155468804229]]",ensemble,trained
29,2026-10-07,Botafogo,Vasco,1.5903780497141062,0.8815432966256831,0.5404001303912814,0.25132941125297636,0.20827045835574215,1.8725298024268207,0.8761407863202028,0.4489366126673785,0.5510633873326215,0.46642368527219913,0.5335763147278009,"[[1, 0, 0.13426439664937678], [1, 1, 0.11835985697318539], [2, 0, 0.1067646496913101], [2, 1, 0.09411764386247186], [0, 0, 0.08442367515719226]]",ensemble,trained
29,2026-10-07,Santos,Flamengo,1.4982455015080394,1.0488515583333518,0.4757944736675472,0.25903538386242025,0.2651701424700327,1.6864188048650617,1.0545458112725183,0.46819192694047074,0.5318080730595292,0.5044408816301014,0.4955591183698986,"[[1, 1, 0.12305751320936198], [1, 0, 0.11732602871016184], [2, 1, 0.09218462498911384], [2, 0, 0.08789106553540722], [0, 1, 0.08213490893443766]]",ensemble,trained
29,2026-10-07,Palmeiras,Bahia,1.4246347351044681,0.9495877327990402,0.48030341959154527,0.2685801335286822,0.25111644687977247,1.709490392303318,1.0219294741679996,0.42352927924402445,0.5764707207559755,0.4655860268899206,0.5344139731100794,"[[1, 0, 0.13261503326951696], [1, 1, 0.12592956986082185], [2, 0, 0.09446357200406327], [0, 0, 0.09308745517435336], [2, 1, 0.08970142145055612]]",ensemble,trained
29,2026-10-07,Bragantino,Mirassol,1.2376057808670173,1.07541407474892,0.3991434905950258,0.28154958774255895,0.3193069216624153,1.4789800595276363,1.2394703527298048,0.4074051973036123,0.5925948026963878,0.4677252970043243,0.5322747029956757,"[[1, 1, 0.1317123494607875], [1, 0, 0.12247602790548977], [0, 1, 0.10642531804465809], [0, 0, 0.09896224823298536], [2, 1, 0.0815038344221861]]",ensemble,trained
29,2026-10-07,Cruzeiro,São Paulo,1.3164956704478967,0.9064726821775845,0.46116286288006925,0.2815798309747464,0.2572573061451844,1.665068419614954,1.0533517494102995,0.38343088352536076,0.6165691164746392,0.4362651707986332,0.5637348292013669,"[[1, 0, 0.14255977656235735], [1, 1, 0.12922651405206917], [0, 0, 0.1082876040609324], [0, 1, 0.09815973288737584], [2, 0, 0.09383941065901472]]",ensemble,trained
29,2026-10-07,Internacional,Corinthians,1.172710076317768,1.0989329246572916,0.3755433550568942,0.2855436813492222,0.33891296359388373,1.412173746519905,1.3022825721308735,0.3964232551388267,0.6035767448611733,0.4603872346142499,0.5396127653857501,"[[1, 1, 0.13292294460863185], [1, 0, 0.12095647710476612], [0, 1, 0.11334695358555029], [0, 0, 0.10314282636931056], [2, 1, 0.07793993858905897]]",ensemble,trained
29,2026-10-07,Athletico-PR,Atlético-MG,0.7921552220969686,0.6879135140767102,0.34589235654976486,0.3696181737958295,0.2844894696544056,1.407295243445124,1.2230865827590462,0.1861666734061687,0.8138333265938313,0.27213056354614584,0.7278694364538543,"[[0, 0, 0.22762206269387664], [1, 0, 0.18031198989826455], [0, 1, 0.1565842880423011], [1, 1, 0.12403905065073412], [2, 0, 0.07141753597233019]]",ensemble,trained
29,2026-10-07,Vitória,Chapecoense,1.1331430880343651,1.0458762608106669,0.3757347938609242,0.29262244881793603,0.3316427573211399,1.4198268304007087,1.2875507207813557,0.3716517964201088,0.6283482035798912,0.4397477121154614,0.5602522878845386,"[[1, 1, 0.1341000844128006], [1, 0, 0.1282180019204663], [0, 1, 0.1183435901055076], [0, 0, 0.11315264065541802], [2, 1, 0.07597721441223773]]",ensemble,trained
29,2026-10-07,Remo,Grêmio,1.1501065706447622,1.157390696668121,0.35663215489878525,0.2831422379245112,0.36022560717670354,1.353038702620867,1.3638190594546218,0.4059434288861283,0.5940565711138718,0.4685996228102901,0.5314003771897099,"[[1, 1, 0.13246004401010586], [0, 1, 0.1151721035223718], [1, 0, 0.1144472646407901], [0, 0, 0.0995102508803011], [1, 2, 0.07665392141187856]]",ensemble,trained
30,2026-10-11,Flamengo,Fluminense,0.9933820071864591,1.4174316851703586,0.26406607391908843,0.268192794825159,0.4677411312557525,1.0603910165824244,1.6714161885924166,0.4331014915214849,0.5668985084785151,0.47708040850942673,0.5229195914905733,"[[0, 1, 0.12720377931090923], [1, 1, 0.12636189244550414], [0, 2, 0.09015094578806535], [0, 0, 0.08974282704153615], [1, 2, 0.08955428979581442]]",ensemble,trained
30,2026-10-11,Vasco,Remo,1.149421208437671,1.1479243308468248,0.35842590738704183,0.2838880242883829,0.3576860683245752,1.3591657464495084,1.3569462292621086,0.40325235474545623,0.5967476452545438,0.46640851507260195,0.533591484927398,"[[1, 1, 0.13263804762765352], [1, 0, 0.1155461134585891], [0, 1, 0.1153956402352698], [0, 0, 0.10052558807772384], [2, 1, 0.07622840708109595]]",ensemble,trained
30,2026-10-11,São Paulo,Vitória,1.1806940939056507,1.0061165327779475,0.3985444224822905,0.2908908170301127,0.31056476048759674,1.4865240844769843,1.222585098492903,0.37374356158376926,0.6262564384162307,0.4395710122956364,0.5604289877043637,"[[1, 1, 0.1333724086184677], [1, 0, 0.13256165212905635], [0, 1, 0.11296117058022148], [0, 0, 0.11227449180574268], [2, 1, 0.07873590229865268]]",ensemble,trained
30,2026-10-11,Palmeiras,Corinthians,1.3896203901375945,0.9243060262660484,0.4770384866187263,0.27295887178124945,0.2500026416000243,1.7040743316374283,1.0229667965813223,0.4076399292527311,0.5923600707472689,0.4528923515872911,0.547107648412709,"[[1, 0, 0.13739516505889268], [1, 1, 0.12699514645623408], [0, 0, 0.09887282054326796], [2, 0, 0.09546319846969151], [0, 1, 0.09138872041131242]]",ensemble,trained
30,2026-10-11,Bragantino,Cruzeiro,1.1743836894063187,1.144492550073222,0.3662185341230418,0.2822775662880526,0.35150389958890566,1.380933168657178,1.3367892650547695,0.40895547378710234,0.5910445262128977,0.47098708642014636,0.5290129135798537,"[[1, 1, 0.1322354787721929], [1, 0, 0.11554083317075281], [0, 1, 0.11260003920267259], [0, 0, 0.09838435543420895], [2, 1, 0.07764749448549056]]",ensemble,trained
30,2026-10-11,Atlético-MG,Santos,0.729969062129189,0.7080880609392131,0.318073765732057,0.37688674715842285,0.3050394871095202,1.3311080443545937,1.2920052084869835,0.17577234899388047,0.8242276510061195,0.26287948461080624,0.7371205153891938,"[[0, 0, 0.23738854266274642], [1, 0, 0.1732862833980057], [0, 1, 0.1680919862728889], [1, 1, 0.12270194358789752], [2, 0, 0.06324680980192537]]",ensemble,trained
30,2026-10-11,Grêmio,Internacional,1.2202869818616768,1.1246785854747388,0.38339141221452966,0.28004091169618334,0.33656767608928717,1.4302151483397723,1.2897439399640447,0.41584319844547635,0.5841568015545237,0.4759457943083243,0.5240542056916757,"[[1, 1, 0.1315482300884727], [1, 0, 0.11696529071229202], [0, 1, 0.10780123874426205], [0, 0, 0.09585080103614947], [2, 1, 0.08026316321124297]]",ensemble,trained
30,2026-10-11,Coritiba,Botafogo,1.0686189500807408,1.2662285697360014,0.3118770871094634,0.27941969343991774,0.4087032194506188,1.215050954768308,1.5055293517917743,0.41317414501076827,0.5868258549892317,0.47144740561423015,0.52855259438577,"[[1, 1, 0.13101585331221755], [0, 1, 0.12260305101625235], [1, 0, 0.10346957291669052], [0, 0, 0.09682557496842926], [1, 2, 0.08294783352855428]]",ensemble,trained
30,2026-10-11,Bahia,Mirassol,1.247717041955127,1.057657825231413,0.40599408384256713,0.2816557797521796,0.31235013640525316,1.499638031279881,1.2187061889679391,0.40538020459183965,0.5946197954081603,0.4652912729049296,0.5347087270950703,"[[1, 1, 0.13159819500227285], [1, 0, 0.12442424811653358], [0, 1, 0.10547138709013995], [0, 0, 0.09972171758337472], [2, 1, 0.08209849801755015]]",ensemble,trained
30,2026-10-11,Chapecoense,Athletico-PR,1.050293971154519,1.270740011911276,0.30589399499293374,0.27996986905401,0.41413613595305626,1.1976518540328112,1.5223782769131788,0.40952487019906847,0.5904751298009315,0.46771077533611416,0.5322892246638858,"[[1, 1, 0.13102542982877427], [0, 1, 0.12475127331092535], [1, 0, 0.10310977149132487], [0, 0, 0.09817235708481141], [1, 2, 0.0832494486871181]]",ensemble,trained
31,2026-10-18,Fluminense,Santos,1.3634318218678847,0.9539978768976858,0.4625966665440215,0.27489326569012607,0.2625100677658525,1.6626832653221904,1.0624234689876837,0.4085683309873812,0.5914316690126188,0.45754394787956765,0.5424560521204324,"[[1, 0, 0.13433437540635215], [1, 1, 0.12815466804671685], [0, 0, 0.09852698648013491], [0, 1, 0.09399450593200867], [2, 0, 0.09157757209723018]]",ensemble,trained
31,2026-10-18,Botafogo,Chapecoense,1.4515566967698512,0.8891867522633263,0.502507703313219,0.2668215318486678,0.23067076483811322,1.7743446417883249,0.9588338263630074,0.4147211196495401,0.5852788803504599,0.45105661819622417,0.5489433818037759,"[[1, 0, 0.13972145305996558], [1, 1, 0.1242384406923725], [2, 0, 0.10140629997977366], [0, 0, 0.09625676338196942], [2, 1, 0.09016912084691103]]",ensemble,trained
31,2026-10-18,São Paulo,Vasco,1.311518486031422,1.0366271574218495,0.4286396216734122,0.2768669377427074,0.29449344058388044,1.5627858027629438,1.1603472594943487,0.4166791630969041,0.5833208369030959,0.4714838387889481,0.5285161612110519,"[[1, 1, 0.129900453995052], [1, 0, 0.12531075040102374], [0, 1, 0.09904610429603487], [0, 0, 0.09554656101592189], [2, 1, 0.08518319861266951]]",ensemble,trained
31,2026-10-18,Corinthians,Vitória,1.313158326474664,0.9160118383323828,0.45787887352671136,0.2816092463610572,0.2605118801122316,1.6552458669411911,1.063144886697752,0.38508981679543486,0.6149101832045651,0.4385345196932684,0.5614654803067316,"[[1, 0, 0.1413192251807141], [1, 1, 0.12945005203834628], [0, 0, 0.10761809768149584], [0, 1, 0.09857942772699736], [2, 0, 0.09278701183133466]]",ensemble,trained
31,2026-10-18,Mirassol,Internacional,1.237623623067125,1.0520247751742788,0.40442228788411494,0.28287501816909016,0.312702693946795,1.496141881821435,1.2209831000094753,0.4012087519450203,0.5987912480549797,0.46199725318992985,0.5380027468100702,"[[1, 1, 0.13189644635837544], [1, 0, 0.12537397534003736], [0, 1, 0.10657253436257157], [0, 0, 0.10130236760734287], [2, 1, 0.08161893055288712]]",ensemble,trained
31,2026-10-18,Atlético-MG,Coritiba,0.7286816159585241,0.7309310275258746,0.3125577972760103,0.3735517430545444,0.3138904596694453,1.3112251348825752,1.3152231220628803,0.18108531659331606,0.8189146834066838,0.26832091208493714,0.7316790879150629,"[[0, 0, 0.23232626689931618], [0, 1, 0.16981446862716482], [1, 0, 0.16929187144242946], [1, 1, 0.12374067545428749], [0, 2, 0.06206132896635291]]",ensemble,trained
31,2026-10-18,Grêmio,Cruzeiro,1.123379918272859,1.1997919165879682,0.34033918685983044,0.28174410289577617,0.37791671024439333,1.3027616634752675,1.415494233628956,0.4100911919854543,0.5899088080145457,0.47152437567118227,0.5284756243288178,"[[1, 1, 0.13203590902333576], [0, 1, 0.11753462385200977], [1, 0, 0.11004917043735053], [0, 0, 0.0979626523440201], [1, 2, 0.07920769053658266]]",ensemble,trained
31,2026-10-18,Athletico-PR,Palmeiras,1.1427320986039897,1.1598439074979352,0.3540298568011228,0.2834909888918891,0.3624791543069881,1.3455805592952574,1.3709284518128535,0.4046393169238356,0.5953606830761644,0.4675172772112527,0.5324827227887473,"[[1, 1, 0.13254033621066313], [0, 1, 0.11598560963126302], [1, 0, 0.11427442346063452], [0, 0, 0.10000116982709505], [1, 2, 0.07686295931690751]]",ensemble,trained
31,2026-10-18,Bahia,Flamengo,1.7006788034164941,0.9323985828116605,0.5547188613869467,0.23977402198015887,0.2055071166328944,1.903930606140999,0.8562953718788421,0.4897997783523064,0.5102002216476936,0.49567829679746817,0.5043217032025318,"[[1, 0, 0.12220678849564603], [1, 1, 0.11394540535151657], [2, 0, 0.10391591510986387], [2, 1, 0.09689102557579347], [0, 0, 0.07185857497684664]]",ensemble,trained
31,2026-10-18,Remo,Bragantino,1.1300160165307402,1.2060556964324995,0.340935525871192,0.28082271454328955,0.3782417595855184,1.3036292921568657,1.4155479932998447,0.4134980758109984,0.5865019241890016,0.47430058191481433,0.5256994180851857,"[[1, 1, 0.13179808591924635], [0, 1, 0.11663393786745999], [1, 0, 0.1092804327527406], [0, 0, 0.09670707366434543], [1, 2, 0.07947779403143612]]",ensemble,trained
32,2026-10-25,Flamengo,Atlético-MG,0.729969062129189,0.7080880609392131,0.318073765732057,0.37688674715842285,0.3050394871095202,1.3311080443545937,1.2920052084869835,0.17577234899388047,0.8242276510061195,0.26287948461080624,0.7371205153891938,"[[0, 0, 0.23738854266274642], [1, 0, 0.1732862833980057], [0, 1, 0.1680919862728889], [1, 1, 0.12270194358789752], [2, 0, 0.06324680980192537]]",ensemble,trained
32,2026-10-25,Vasco,Corinthians,1.0634823910068403,1.2705522709441117,0.3096175740123702,0.27930583512025525,0.41107659086737464,1.2081585571573659,1.5125356077223793,0.41295951266108943,0.5870404873389105,0.47097345795946705,0.5290265420405329,"[[1, 1, 0.1309377088196045], [0, 1, 0.1231217341617582], [1, 0, 0.10305596533182937], [0, 0, 0.09690431642461356], [1, 2, 0.0831814225199068]]",ensemble,trained
32,2026-10-25,Santos,Bahia,1.1456746503547046,1.2429455080093974,0.3378747603737492,0.27698809718933426,0.3851371424369165,1.2906123783105818,1.4323995245000836,0.4273087323744856,0.5726912676255144,0.4852110521752004,0.5147889478247996,"[[1, 1, 0.13066194099767536], [0, 1, 0.11404815864507424], [1, 0, 0.10512301974849908], [0, 0, 0.09175653401428804], [1, 2, 0.08120268456007587]]",ensemble,trained
32,2026-10-25,Palmeiras,Bragantino,1.4646024405508236,0.9468519826019021,0.49162643883279855,0.2644282712261297,0.2439452899410717,1.7393075877245252,0.9962641410493449,0.43326546919836123,0.5667345308016388,0.47054981559291376,0.5294501844070862,"[[1, 0, 0.131352877561976], [1, 1, 0.12437169485967794], [2, 0, 0.09618936594744408], [2, 1, 0.09107706425934081], [0, 0, 0.08968547756743954]]",ensemble,trained
32,2026-10-25,Mirassol,São Paulo,1.2530408626571206,0.9939459969526179,0.4221760385262858,0.28451730387656193,0.2933066575971522,1.5510454194554195,1.1644372766680187,0.38985111984697146,0.6101488801530286,0.4499669792152904,0.5500330207847096,"[[1, 0, 0.13246820107366272], [1, 1, 0.13166618256606225], [0, 0, 0.10571759140165964], [0, 1, 0.10507753239734109], [2, 0, 0.08299387104375923]]",ensemble,trained
32,2026-10-25,Cruzeiro,Remo,1.336484750133521,0.8956523510832959,0.4694478702975405,0.27968873787774073,0.25086339182471884,1.6880323487703621,1.0322789133518973,0.3858820646144404,0.6141179353855596,0.43618742943920813,0.5638125705607919,"[[1, 0, 0.14340348201005335], [1, 1, 0.12843963931514848], [0, 0, 0.10729932275937612], [0, 1, 0.0961028708703727], [2, 0, 0.09582799836828744]]",ensemble,trained
32,2026-10-25,Internacional,Botafogo,1.102556590538954,1.2358447082095232,0.3272748562197947,0.2801203453554126,0.39260479842479284,1.2619449140147967,1.4579347406297911,0.41411233602829794,0.585887663971702,0.47386898361865587,0.5261310163813442,"[[1, 1, 0.13146502661566778], [0, 1, 0.11923663555341353], [1, 0, 0.1063768469288777], [0, 0, 0.09648206564975653], [1, 2, 0.08123503244373037]]",ensemble,trained
32,2026-10-25,Coritiba,Grêmio,1.233442744915353,1.131352155196578,0.38561190133796,0.27859188817987784,0.3357962104821621,1.4354275921937578,1.2859805196263643,0.421060794944882,0.578939205055118,0.4800812112026869,0.5199187887973131,"[[1, 1, 0.13112927655665366], [1, 0, 0.11590503298144787], [0, 1, 0.10631179296318777], [0, 0, 0.09396888470128525], [2, 1, 0.08087008360504926]]",ensemble,trained
32,2026-10-25,Vitória,Athletico-PR,1.021179046168014,1.242464511947848,0.3030328038646634,0.28412169166635254,0.412845504468984,1.1932201032603427,1.5226582050733044,0.3942924821392295,0.6057075178607705,0.45512694774273554,0.5448730522572643,"[[1, 1, 0.13191621519924793], [0, 1, 0.1291803652377993], [1, 0, 0.10617322253070495], [0, 0, 0.1039712642170225], [1, 2, 0.08195045519816319]]",ensemble,trained
32,2026-10-25,Chapecoense,Fluminense,1.0540176299723154,1.2491221760387243,0.31105504006168017,0.2817289679891897,0.4072159919491302,1.2148940881742303,1.5033769438365803,0.4047878197520521,0.595212180247948,0.46465119709149233,0.5353488029085077,"[[1, 1, 0.13158673419465405], [0, 1, 0.12484308911900929], [1, 0, 0.10534356898505422], [0, 0, 0.09994485121472015], [1, 2, 0.0821837952845092]]",ensemble,trained
33,2026-10-28,Fluminense,Internacional,1.259791621707531,1.0175642824020306,0.418591093815759,0.2826626223610606,0.2987462838231806,1.5384359038083377,1.1789014738306023,0.39794173250733883,0.6020582674926611,0.45736533152623154,0.5426346684737685,"[[1, 1, 0.13146728718749429], [1, 0, 0.12919808075589007], [0, 1, 0.10435658797766353], [0, 0, 0.10255532892923228], [2, 1, 0.08281052464142698]]",ensemble,trained
33,2026-10-28,Vasco,Flamengo,1.4312260475939695,1.1088078401106503,0.444290722870936,0.26335184329788547,0.2923574338311785,1.5962240119106934,1.140424144791421,0.46640073006719274,0.5335992699328073,0.509890909827184,0.490109090172816,"[[1, 1, 0.12515341822074047], [1, 0, 0.11287215346134612], [2, 1, 0.08956100688552344], [0, 1, 0.08744529922690827], [2, 0, 0.08077241402632516]]",ensemble,trained
33,2026-10-28,Santos,Palmeiras,1.0217778778176314,1.3718258520413245,0.2795852307236822,0.2717538707559398,0.4486608985203781,1.1105095629269863,1.617736566317074,0.4286091203423269,0.5713908796576731,0.47769869358636097,0.522301306413639,"[[1, 1, 0.127975595160234], [0, 1, 0.12524802420850364], [1, 0, 0.09328884113266697], [0, 0, 0.09130055631261626], [1, 2, 0.08777980709035256]]",ensemble,trained
33,2026-10-28,Corinthians,Mirassol,1.198567760390461,1.029973496803193,0.39828257012222695,0.28773384234238253,0.3139835875353906,1.4825815527090633,1.2296846049485541,0.3849246005377222,0.6150753994622778,0.44904130431341427,0.5509586956865857,"[[1, 1, 0.1329369176691144], [1, 0, 0.12906835913024609], [0, 1, 0.11091330685044966], [0, 0, 0.1076856509982325], [2, 1, 0.07966683431048222]]",ensemble,trained
33,2026-10-28,Bragantino,Chapecoense,1.3747832491568197,0.9598995892926085,0.46427685064800506,0.2735204136056478,0.26220273574634717,1.6663509655496629,1.0601286208446892,0.4131269202193851,0.586873079780615,0.4610121605431974,0.5389878394568026,"[[1, 0, 0.13313586843876268], [1, 1, 0.12779702290039596], [0, 0, 0.09684169616433924], [0, 1, 0.09295827343568024], [2, 0, 0.09151615557654078]]",ensemble,trained
33,2026-10-28,Atlético-MG,Cruzeiro,0.7274063898560748,0.7537820163869963,0.3071292408294734,0.3702006350893187,0.32267012408120793,1.291588357577739,1.3382110073329425,0.18644590210861717,0.8135540978913828,0.27362333009639495,0.726376669903605,"[[0, 0, 0.22736734139085468], [0, 1, 0.17138540254508508], [1, 0, 0.16538844910804748], [1, 1, 0.12466683101142226], [0, 2, 0.0645936131940942]]",ensemble,trained
33,2026-10-28,Grêmio,Athletico-PR,1.1832586653110684,1.2143533433099893,0.35408341804615545,0.2767433845967592,0.3691731973570853,1.3389936387352255,1.384262976668015,0.4296607712844393,0.5703392287155606,0.48775106726301726,0.5122489327369828,"[[1, 1, 0.13066382243191682], [0, 1, 0.11042724931683615], [1, 0, 0.10759968101294973], [0, 0, 0.09093516920355056], [1, 2, 0.07933589733627897]]",ensemble,trained
33,2026-10-28,Coritiba,Vitória,1.216414495487419,1.0056529060039403,0.40898053450332006,0.287473014317993,0.3035464511786869,1.5144146178279532,1.1981123678540535,0.38319263888812516,0.616807361111875,0.44628665632181047,0.5537133436781895,"[[1, 1, 0.13258617526942051], [1, 0, 0.13184095141340418], [0, 1, 0.10899770691721491], [0, 0, 0.10838506618539859], [2, 1, 0.08063974174211314]]",ensemble,trained
33,2026-10-28,Bahia,São Paulo,1.3297354966017045,0.9856831633123639,0.4456704762498111,0.277232533875276,0.27709698987491305,1.6142439626247094,1.1085235035000152,0.40803762934371035,0.5919623706562895,0.46099059697616956,0.5390094030238304,"[[1, 0, 0.13127810474018264], [1, 1, 0.12939856592213522], [0, 0, 0.09872526019587306], [0, 1, 0.09731178793995329], [2, 0, 0.08728232647846082]]",ensemble,trained
33,2026-10-28,Remo,Botafogo,1.0249891649980374,1.2894805930664683,0.2953131189965337,0.2794743570693478,0.4252125239341186,1.165413714058949,1.5551119288717037,0.407787822945911,0.592212177054089,0.46460186813611665,0.5353981318638834,"[[1, 1, 0.13060895170775105], [0, 1, 0.12742478082354342], [1, 0, 0.10128827194037701], [0, 0, 0.09881892231152524], [1, 2, 0.08420865485906993]]",ensemble,trained
34,2026-11-04,Flamengo,Grêmio,1.0828546509874843,1.3848364721581643,0.2937615463738624,0.26830988361658864,0.4379285700095489,1.1495945227381759,1.5820955936452354,0.4478617983784322,0.5521382016215678,0.495784079358982,0.504215920641018,"[[1, 1, 0.1271348662073344], [0, 1, 0.11740722717618693], [1, 0, 0.09180530829980697], [1, 2, 0.08803017224653664], [0, 0, 0.08478088669993425]]",ensemble,trained
34,2026-11-04,Botafogo,Atlético-MG,0.7926839639464021,0.728977585377452,0.33659574241311857,0.3639621114058179,0.2994421461810636,1.3737493386451738,1.2622885499490086,0.19660975562895827,0.8033902443710418,0.28331842306146315,0.7166815769385368,"[[0, 0, 0.2183488109574476], [1, 0, 0.17308158582284874], [0, 1, 0.15917138129542444], [1, 1, 0.1261725904135761], [2, 0, 0.06859949275563106]]",ensemble,trained
34,2026-11-04,São Paulo,Corinthians,1.1019190956108762,1.1470834779809527,0.34503226157641154,0.2874123730585448,0.36755536536504363,1.3225091577877794,1.3900784691536756,0.3903904564732141,0.6096095435267859,0.4557081664788878,0.5442918335211122,"[[1, 1, 0.13335688245729044], [0, 1, 0.12102249240223348], [1, 0, 0.11625747597841497], [0, 0, 0.10550463721140618], [1, 2, 0.0764856537141296]]",ensemble,trained
34,2026-11-04,Palmeiras,Remo,1.5001044713454246,0.835462155335456,0.5290095676380077,0.26173921304092146,0.20925121932107094,1.8487679159549446,0.8894928710041343,0.41335143792084567,0.5866485620791544,0.4399699969744875,0.5600300030255125,"[[1, 0, 0.14514403012362226], [1, 1, 0.12126232884791631], [2, 0, 0.10886494055917297], [0, 0, 0.09675653783633038], [2, 1, 0.09095252633436966]]",ensemble,trained
34,2026-11-04,Bragantino,Santos,1.3842355804971629,0.9990172963500255,0.4574358774256263,0.2713202309759803,0.2712438915983935,1.6436278632528594,1.085051905771161,0.4258990651664528,0.5741009348335472,0.473490047778666,0.526509952221334,"[[1, 0, 0.12769598538213708], [1, 1, 0.1275704422859266], [0, 0, 0.09225052515856665], [0, 1, 0.09215982993020223], [2, 0, 0.08838033525926614]]",ensemble,trained
34,2026-11-04,Cruzeiro,Bahia,1.2703367668918741,1.0125217961366804,0.4227389360772293,0.28190332564886855,0.2953577382739022,1.5501201338805564,1.1679765404705753,0.3994043476960652,0.6005956523039347,0.4579512221291224,0.5420487778708776,"[[1, 1, 0.13118694754486734], [1, 0, 0.12956462853040407], [0, 1, 0.10326964719879839], [0, 0, 0.10199256654860468], [2, 1, 0.08332562215986748]]",ensemble,trained
34,2026-11-04,Internacional,Coritiba,1.2415456866791796,1.06570249624481,0.4024367479662407,0.28175669015598404,0.31580656187777534,1.489066934054706,1.2291763757893102,0.40587666778354964,0.5941233322164503,0.466109461962351,0.533890538037649,"[[1, 1, 0.13169635293266926], [1, 0, 0.12357711702435834], [0, 1, 0.10607470887068927], [0, 0, 0.09953507762010448], [2, 1, 0.0817533677933981]]",ensemble,trained
34,2026-11-04,Athletico-PR,Vasco,1.4783089646780694,0.9116771199899923,0.5039647928103218,0.2635215902983588,0.23251361689131947,1.7754159687293243,0.9610624409723172,0.42765606169019377,0.5723439383098062,0.46175355603369767,0.5382464439663023,"[[1, 0, 0.13545925813027246], [1, 1, 0.12349507751427206], [2, 0, 0.10012475953247225], [0, 0, 0.09163173374340444], [2, 1, 0.09128143111243867]]",ensemble,trained
34,2026-11-04,Vitória,Fluminense,1.0246839606335836,1.221438924184238,0.3080409662164051,0.2859110153156767,0.4060480184679183,1.210033913964892,1.5040550707194318,0.389621193465719,0.6103788065342811,0.45209120343766024,0.5479087965623397,"[[1, 1, 0.1324289956984852], [0, 1, 0.12923893569460645], [1, 0, 0.10842066194955059], [0, 0, 0.10580893469559788], [1, 2, 0.08087683005417266]]",ensemble,trained
34,2026-11-04,Chapecoense,Mirassol,1.0734342504623358,1.2331086015912078,0.31962584550286954,0.2820541204151301,0.39832003408200045,1.2409316569237387,1.4770142226611316,0.4056899437423033,0.5943100562576966,0.4663848346941832,0.5336151653058168,"[[1, 1, 0.1318433243647101], [0, 1, 0.12282393449351167], [1, 0, 0.1069196648416756], [0, 0, 0.09960530025968647], [1, 2, 0.08128842437580609]]",ensemble,trained
35,2026-11-18,Flamengo,Athletico-PR,1.0111086487736007,1.4729636192089874,0.2595139885083829,0.26227657508152985,0.4782094364100873,1.0408185406066786,1.6969048843117918,0.45207863362935774,0.5479213663706423,0.49033723076263275,0.5096627692373673,"[[1, 1, 0.12421444104577516], [0, 1, 0.12284980466215684], [1, 2, 0.0914811774174879], [0, 2, 0.0904761530252424], [1, 0, 0.08433006548385785]]",ensemble,trained
35,2026-11-18,Vasco,Internacional,1.0909271865674297,1.249570217305483,0.3213285481994127,0.27964122539730535,0.399030226403282,1.2436268699955435,1.4767319046071512,0.4146649419521784,0.5853350580478216,0.4737443903054111,0.526255609694589,"[[1, 1, 0.13124765838164057], [0, 1, 0.12030845315350656], [1, 0, 0.10503444338301669], [0, 0, 0.09628005228486385], [1, 2, 0.08200142389410299]]",ensemble,trained
35,2026-11-18,São Paulo,Fluminense,1.1005770415107348,1.1917759688086482,0.3355128269402085,0.2838742281138106,0.3806129449459808,1.290412708934436,1.4257130629517532,0.4019274014161983,0.5980725985838018,0.464665891814837,0.535334108185163,"[[1, 1, 0.1325131461241426], [0, 1, 0.12040343603618607], [1, 0, 0.11118980240819398], [0, 0, 0.10102872547897386], [1, 2, 0.07896287930818524]]",ensemble,trained
35,2026-11-18,Corinthians,Botafogo,1.1364427453786063,1.1537149061504337,0.3535237962822486,0.284404282177267,0.3620719215404844,1.3449756710240128,1.3706200467987202,0.4013447954441912,0.5986552045558088,0.4648271004475483,0.5351728995524517,"[[1, 1, 0.13275270280004658], [0, 1, 0.11681436775148502], [1, 0, 0.11506556303243716], [0, 0, 0.10125075205322356], [1, 2, 0.07657929808134456]]",ensemble,trained
35,2026-11-18,Mirassol,Atlético-MG,0.7598513950199945,0.7484989844975876,0.32022683683711867,0.36619035267923056,0.31358281048365083,1.3268708631905866,1.306938784130183,0.1932519898186652,0.8067480101813348,0.28046257361802845,0.7195374263819716,"[[0, 0, 0.22127471689938483], [1, 0, 0.16813589140309015], [0, 1, 0.1656238912348825], [1, 1, 0.12584953663317888], [2, 0, 0.06387914167068204]]",ensemble,trained
35,2026-11-18,Cruzeiro,Palmeiras,1.1356392757132825,1.117234954028122,0.36098735182477965,0.2871974145059696,0.35181523366925077,1.3701594699803086,1.342643115513722,0.3914232615747502,0.6085767384252498,0.4566950147685525,0.5433049852314475,"[[1, 1, 0.13334421545907094], [1, 0, 0.11935210114689546], [0, 1, 0.11741787754706287], [0, 0, 0.10509695039416506], [2, 1, 0.07571538579918702]]",ensemble,trained
35,2026-11-18,Grêmio,Bahia,1.213782048622821,1.1847960675039304,0.3686905580116525,0.2766829888377115,0.354626453150636,1.382754662872669,1.3405623482896196,0.4299132498497938,0.5700867501502063,0.4879640950178366,0.5120359049821634,"[[1, 1, 0.1306457638532313], [1, 0, 0.1102687172378887], [0, 1, 0.10763544680471017], [0, 0, 0.09084735928993418], [2, 1, 0.07928761444063312]]",ensemble,trained
35,2026-11-18,Coritiba,Santos,1.2845424395960472,1.0516219229394732,0.41768711075323317,0.2786479319567492,0.3036649572900177,1.5317092642164487,1.1896428038268023,0.4135212184811588,0.5864787815188413,0.4705473677435402,0.5294526322564599,"[[1, 1, 0.13062463696135956], [1, 0, 0.12421262335363542], [0, 1, 0.10168985836806177], [0, 0, 0.0966981755523887], [2, 1, 0.08389625108695196]]",ensemble,trained
35,2026-11-18,Vitória,Bragantino,1.071391233278746,1.1889482229835213,0.3277646326296443,0.28600256369183225,0.38623280367852353,1.2692964615807651,1.4447009747274029,0.39341303812696743,0.6065869618730326,0.4572401345888345,0.5427598654111656,"[[1, 1, 0.13287956999451642], [0, 1, 0.12402534116509673], [1, 0, 0.11176244128575646], [0, 0, 0.10431532033466137], [1, 2, 0.07899335375460287]]",ensemble,trained
35,2026-11-18,Remo,Chapecoense,1.1943471434284885,1.0600619280870685,0.39029823177561823,0.286253035453414,0.3234487327709678,1.4571477307802687,1.2565992337663174,0.39183216093896306,0.608167839061037,0.45559766818991276,0.5444023318100872,"[[1, 1, 0.13285702747542558], [1, 0, 0.1253295781573284], [0, 1, 0.11123836125842879], [0, 0, 0.10493578816529006], [2, 1, 0.07933859124641018]]",ensemble,trained
36,2026-11-22,Fluminense,Mirassol,1.2243002766643707,1.023288551806409,0.40718540435211165,0.2857211822537322,0.30709341339415624,1.507277395310067,1.207001422436201,0.390012371207861,0.609987628792139,0.4522773519112793,0.5477226480887207,"[[1, 1, 0.13236428179389326], [1, 0, 0.12935193078415602], [0, 1, 0.1081144132587345], [0, 0, 0.10565394161537821], [2, 1, 0.08102667612358211]]",ensemble,trained
36,2026-11-22,Botafogo,São Paulo,1.4218047838356074,0.922814399017279,0.4861361257929157,0.26949202295403607,0.24437185125304828,1.7279004003327831,1.002607576713181,0.41574489398836645,0.5842551060116334,0.4572026911831121,0.5427973088168879,"[[1, 0, 0.13632820072307156], [1, 1, 0.12580559469522065], [2, 0, 0.09691561897724456], [0, 0, 0.09588432962881793], [2, 1, 0.08943510598702017]]",ensemble,trained
36,2026-11-22,Santos,Grêmio,1.1946010146590473,1.1919808522960562,0.3618665218478801,0.2775410570849456,0.3605924210671743,1.363140622628586,1.3593183202864685,0.42677541842944827,0.5732245815705518,0.4854967398247685,0.5145032601752315,"[[1, 1, 0.13092213037637418], [1, 0, 0.10983592264475692], [0, 1, 0.109595017730775], [0, 0, 0.09194373674735447], [2, 1, 0.07819974200102313]]",ensemble,trained
36,2026-11-22,Palmeiras,Flamengo,1.903012095231697,0.7991147620954142,0.634291690559978,0.21503761443654243,0.1506706950034796,2.1179126861164765,0.6670496994469812,0.5068035573918811,0.4931964426081189,0.46819963410132087,0.5318003658986792,"[[1, 0, 0.1276239545932621], [2, 0, 0.12143205377709415], [1, 1, 0.10198617664829357], [2, 1, 0.09703813775983433], [3, 0, 0.07702704261916876]]",ensemble,trained
36,2026-11-22,Bragantino,Vasco,1.494669366669409,0.9779035152972745,0.49191780486663955,0.26077152373247214,0.2473106714008883,1.7365249383323909,1.002703537935137,0.44911457530758037,0.5508854246924196,0.483940586355342,0.5160594136446581,"[[1, 0, 0.1261019541359488], [1, 1, 0.12331549762335332], [2, 0, 0.09423980195848118], [2, 1, 0.0921573987815263], [0, 0, 0.0843682950644924]]",ensemble,trained
36,2026-11-22,Atlético-MG,Corinthians,0.7286816159585241,0.7309310275258746,0.3125577972760103,0.3735517430545444,0.3138904596694453,1.3112251348825752,1.3152231220628803,0.18108531659331606,0.8189146834066838,0.26832091208493714,0.7316790879150629,"[[0, 0, 0.23232626689931618], [0, 1, 0.16981446862716482], [1, 0, 0.16929187144242946], [1, 1, 0.12374067545428749], [0, 2, 0.06206132896635291]]",ensemble,trained
36,2026-11-22,Internacional,Vitória,1.2600336033757704,0.964354722781522,0.4311455272490916,0.28526311733094867,0.2835913554199598,1.5786996990782236,1.1360371835908278,0.38381261739460454,0.6161873826053955,0.44325790191868414,0.5567420980813158,"[[1, 0, 0.1362520126077624], [1, 1, 0.13139522670434434], [0, 0, 0.10813385480998242], [0, 1, 0.1042793577521279], [2, 0, 0.08584088198968025]]",ensemble,trained
36,2026-11-22,Athletico-PR,Remo,1.3534430445414591,0.9163679427732865,0.46904573648080883,0.2771486223915903,0.2538056411276009,1.6842858318340168,1.038565545774393,0.3959310763935891,0.604068923606411,0.445010526272637,0.5549894737273631,"[[1, 0, 0.13985377336921784], [1, 1, 0.12815748360874812], [0, 0, 0.1033321826565], [0, 1, 0.09469027675138394], [2, 0, 0.09464175353107286]]",ensemble,trained
36,2026-11-22,Bahia,Coritiba,1.3009806076643684,1.020203311593747,0.4295359994923209,0.27860079889300443,0.2918632016146746,1.567208797369967,1.1541904037370283,0.4095637063841047,0.5904362936158952,0.4653683447182106,0.5346316552817895,"[[1, 1, 0.13028082989391082], [1, 0, 0.1277009142335111], [0, 1, 0.10014073664250053], [0, 0, 0.09815767700956503], [2, 1, 0.08474620422675525]]",ensemble,trained
36,2026-11-22,Chapecoense,Cruzeiro,1.0030344787018974,1.253999121745456,0.295711731871227,0.28396198576528003,0.42032628236349295,1.171097181378961,1.5449408328557588,0.3925308378136721,0.607469162186328,0.45253224899489836,0.5474677510051017,"[[1, 1, 0.13164248594990202], [0, 1, 0.13124428711569652], [1, 0, 0.1049783402381882], [0, 0, 0.10466079645740922], [1, 2, 0.08253961754277227]]",ensemble,trained
37,2026-11-29,Fluminense,Cruzeiro,1.1407431712688807,1.069097995246456,0.37284759740121654,0.2902947158181505,0.336857686780633,1.4088375080217999,1.3008677761600493,0.3799201644371279,0.620079835562872,0.44681703167910236,0.5531829683208976,"[[1, 1, 0.13380848520209557], [1, 0, 0.12516025503952755], [0, 1, 0.11729952120493614], [0, 0, 0.10971828855136276], [2, 1, 0.0763204765379979]]",ensemble,trained
37,2026-11-29,Botafogo,Bahia,1.3454376639046788,1.008620849926294,0.44455908573984443,0.27479173066964857,0.28064918359050695,1.6084689878891818,1.1167392814411694,0.41823476563493156,0.5817652343650683,0.4698324259415265,0.5301675740584735,"[[1, 1, 0.12889538475018988], [1, 0, 0.1277937541287979], [0, 1, 0.09580212310074031], [0, 0, 0.0949833307707691], [2, 1, 0.08671008361907119]]",ensemble,trained
37,2026-11-29,São Paulo,Remo,1.1853312782277114,1.0418679892816214,0.3917845318850161,0.2882085197309926,0.3200069483839913,1.4635621153860408,1.2482293648829663,0.3845659086276022,0.6154340913723977,0.4493883268522682,0.5506116731477317,"[[1, 1, 0.13316564851584584], [1, 0, 0.1278143942423768], [0, 1, 0.11234482177892764], [0, 0, 0.10783025128460783], [2, 1, 0.07892259591430484]]",ensemble,trained
37,2026-11-29,Corinthians,Grêmio,1.3071912547592257,1.0284630490588609,0.4293378430545028,0.2776389443523509,0.2930232125931463,1.5656524735158595,1.15670858213179,0.4133859867857068,0.5866140132142932,0.46860934093712825,0.5313906590628718,"[[1, 1, 0.13006678398018962], [1, 0, 0.12646721082949422], [0, 1, 0.09950121648077914], [0, 0, 0.09674753951310465], [2, 1, 0.08501086164216533]]",ensemble,trained
37,2026-11-29,Mirassol,Athletico-PR,1.17933311478673,1.1143540432200638,0.3740840029426794,0.2839638102805751,0.34195218677674555,1.4062158191086134,1.3098203706108116,0.40228159550247866,0.5977184044975213,0.4652808302491713,0.5347191697508287,"[[1, 1, 0.1325940876159197], [1, 0, 0.11898750617884941], [0, 1, 0.11243156144980553], [0, 0, 0.10089402441123792], [2, 1, 0.07818619542408126]]",ensemble,trained
37,2026-11-29,Atlético-MG,Vasco,0.75446448181584,0.7068815726989879,0.32752989473883054,0.37311472403134077,0.2993553812298288,1.3557044082478324,1.2711808677208272,0.1815144355106222,0.8184855644893777,0.26848169229407937,0.7315183077059207,"[[0, 0, 0.23192389948762734], [1, 0, 0.17497833384888287], [0, 1, 0.16394272446684027], [1, 1, 0.1236889550289083], [2, 0, 0.06600746491450848]]",ensemble,trained
37,2026-11-29,Internacional,Bragantino,1.2303306879727052,1.131047811794824,0.3848108105692354,0.2788552576134967,0.33633393181726795,1.4332876893212028,1.2878570530653004,0.4201629821206087,0.5798370178793912,0.4793967123278036,0.5206032876721964,"[[1, 1, 0.13121074480357695], [1, 0, 0.11600824968370031], [0, 1, 0.10664691664671165], [0, 0, 0.09429046495292227], [2, 1, 0.0807161617665026]]",ensemble,trained
37,2026-11-29,Coritiba,Flamengo,1.5529545948772319,0.9983348065866939,0.5019684882656448,0.25464627139448426,0.24338524033987097,1.7605517361914185,0.9848019924140972,0.46925150080250183,0.5307484991974982,0.4978598764265564,0.5021401235734436,"[[1, 0, 0.12110158931857187], [1, 1, 0.12089987912680258], [2, 0, 0.09403192808119382], [2, 1, 0.09387530587373626], [0, 0, 0.0779819963003456]]",ensemble,trained
37,2026-11-29,Vitória,Santos,1.1297648339693227,1.0865120720419432,0.36587869864951433,0.2899466576454586,0.34417464370502704,1.3875827535940015,1.3224705887605397,0.3816437477217363,0.6183562522782636,0.4485121739455922,0.5514878260544078,"[[1, 1, 0.1338153280426434], [1, 0, 0.12316055626198989], [0, 1, 0.11844541251708038], [0, 0, 0.1090144388215058], [2, 1, 0.07558985037338639]]",ensemble,trained
37,2026-11-29,Chapecoense,Palmeiras,0.956321893804409,1.3640796835099551,0.26303862412145634,0.2747507506594092,0.4622106252191344,1.063866623023778,1.6613826263168123,0.4093544001809467,0.5906455998190533,0.45831138029079627,0.5416886197092038,"[[0, 1, 0.13399938639086287], [1, 1, 0.12814650539051545], [0, 0, 0.09823461305672632], [1, 0, 0.093943880719646], [0, 2, 0.09139261098712241]]",ensemble,trained
38,2026-12-02,Flamengo,Chapecoense,1.13239103490018,1.2352809372392775,0.33571819171866313,0.2783844013093036,0.3858974069720333,1.285538976465293,1.4360766222254033,0.4218165164700465,0.5781834835299535,0.4806811387479109,0.5193188612520891,"[[1, 1, 0.1310676555868139], [0, 1, 0.1157442832000494], [1, 0, 0.10610371046802745], [0, 0, 0.09369892104961815], [1, 2, 0.08095254287172261]]",ensemble,trained
38,2026-12-02,Vasco,Vitória,1.1461598067897918,1.1028646741284072,0.36708626685630136,0.28741846657628556,0.3454952665674131,1.3886772671451897,1.3239042662785248,0.39039630516911056,0.6096036948308894,0.4557264016789164,0.5442735983210837,"[[1, 1, 0.13336092122838794], [1, 0, 0.12092239231813402], [0, 1, 0.1163546890140553], [0, 0, 0.10550232574441064], [2, 1, 0.0764263798115429]]",ensemble,trained
38,2026-12-02,Santos,Botafogo,1.0626079683538212,1.3319776383365869,0.29789058598110885,0.27384394674682055,0.42826546727207054,1.167515704690147,1.5586403485630322,0.4288674508787764,0.5711325491212236,0.48169906262670203,0.518300937373298,"[[1, 1, 0.12909669513677252], [0, 1, 0.12149050702503816], [1, 0, 0.0969213500940177], [0, 0, 0.09121088616558543], [1, 2, 0.08597670523094306]]",ensemble,trained
38,2026-12-02,Palmeiras,Coritiba,1.4734007301872485,0.8947561299520032,0.5069081086844242,0.2642914298549354,0.2288004614606405,1.7850157559082078,0.9506928142368569,0.4219336483839809,0.5780663516160192,0.45579645964989873,0.5442035403501013,"[[1, 0, 0.13798905072493184], [1, 1, 0.12346652370427437], [2, 0, 0.10165602864655753], [0, 0, 0.0936539542881927], [2, 1, 0.0909573361410541]]",ensemble,trained
38,2026-12-02,Bragantino,Fluminense,1.2444169838963886,1.1120844734380593,0.3928958790942962,0.27885718420636185,0.328246936699342,1.4575448214892504,1.263597994304388,0.41888027201485,0.5811197279851501,0.47776702368222923,0.5222329763177709,"[[1, 1, 0.13112586655372652], [1, 0, 0.11791009381113784], [0, 1, 0.10537152352319785], [0, 0, 0.09475145179347289], [2, 1, 0.08158747403742524]]",ensemble,trained
38,2026-12-02,Cruzeiro,Internacional,1.274856784545331,0.9615453496068537,0.4360324909413252,0.2838571299575635,0.28011037910111125,1.5919546027815392,1.1241882672608972,0.387024094962192,0.612975905037808,0.44506743637321433,0.5549325636267856,"[[1, 0, 0.13620865255346107], [1, 1, 0.13097075233344124], [0, 0, 0.10684255201889975], [0, 1, 0.1027339244373471], [2, 0, 0.08682307133185851]]",ensemble,trained
38,2026-12-02,Grêmio,Mirassol,1.1846235569583135,1.1305327186708871,0.37209425769141,0.2824547808357111,0.3454509614728789,1.3987375539099411,1.3188076652543477,0.4079712430168348,0.5920287569831653,0.47002606156943816,0.5299739384305618,"[[1, 1, 0.13225255519075022], [1, 0, 0.11698262757504674], [0, 1, 0.11164114974588003], [0, 0, 0.09875102242021358], [2, 1, 0.07833463912856155]]",ensemble,trained
38,2026-12-02,Athletico-PR,São Paulo,1.332407199213172,0.928491696751807,0.4602192552991426,0.2790561566838625,0.2607245880169949,1.6597139225812902,1.0612299207348472,0.39355849300510304,0.6064415069948971,0.4452634442230318,0.5547365557769682,"[[1, 0, 0.13891258204226875], [1, 1, 0.12897914485538287], [0, 0, 0.10425715756948997], [0, 1, 0.09680187950342777], [2, 0, 0.09254379219377971]]",ensemble,trained
38,2026-12-02,Bahia,Atlético-MG,0.7946751799781495,0.7253429911269321,0.338151315257834,0.3641466670647429,0.2977020176774231,1.3786006128382449,1.2572527200970123,0.1961944361514263,0.8038055638485737,0.2828214064627194,0.7171785935372805,"[[0, 0, 0.21870793564883292], [1, 0, 0.1738017526186569], [0, 1, 0.15863826083525812], [1, 1, 0.12606587723370807], [2, 0, 0.0690579633603661]]",ensemble,trained
38,2026-12-02,Remo,Corinthians,1.083784561009544,1.1683429371373713,0.33546558746481303,0.28693499843585585,0.3775994140993311,1.293331760830295,1.4197332407338492,0.39122395363616796,0.608776046363832,0.45597902472803614,0.5440209752719638,"[[1, 1, 0.1331762774568188], [0, 1, 0.12288085951646083], [1, 0, 0.11398745984751367], [0, 0, 0.1051754659886942], [1, 2, 0.07779768450398733]]",ensemble,trained
